time,source,dest,direction,
1466417135,00-17-0d-00-00-60-3c-d9,00-17-0d-00-00-b0-00-cc,3,
1466417368,00-17-0d-00-00-b0-00-cc,00-17-0d-00-00-58-32-36,3,
1466417369,00-17-0d-00-00-3f-f8-20,00-17-0d-00-00-58-32-36,2,
1466422692,00-17-0d-00-00-60-3c-d9,00-17-0d-00-00-b0-00-cc,3,
1466425513,00-17-0d-00-00-b0-00-cc,00-17-0d-00-00-60-3c-d9,2,
1466428016,00-17-0d-00-00-60-3c-d9,00-17-0d-00-00-b0-00-cc,3,
1466430727,00-17-0d-00-00-b0-00-cc,00-17-0d-00-00-60-3c-d9,2,
1466431965,00-17-0d-00-00-60-3c-d9,00-17-0d-00-00-b0-00-cc,3,
1466433315,00-17-0d-00-00-60-3c-d9,00-17-0d-00-00-b0-00-cc,3,
1466434716,00-17-0d-00-00-60-3c-d9,00-17-0d-00-00-b0-00-cc,3,
1466440065,00-17-0d-00-00-60-3c-d9,00-17-0d-00-00-b0-00-cc,3,
1466440674,00-17-0d-00-00-60-03-82,00-17-0d-00-00-30-60-ef,2,
1466441529,00-17-0d-00-00-60-3c-d9,00-17-0d-00-00-b0-00-cc,3,
1466444509,00-17-0d-00-00-b0-00-cc,00-17-0d-00-00-60-3c-d9,2,
1466447358,00-17-0d-00-00-60-3c-d9,00-17-0d-00-00-b0-00-cc,3,
1466448742,00-17-0d-00-00-60-3c-d9,00-17-0d-00-00-b0-00-cc,3,
1466451660,00-17-0d-00-00-60-3c-d9,00-17-0d-00-00-b0-00-cc,3,
1466454831,00-17-0d-00-00-b0-00-cc,00-17-0d-00-00-60-3c-d9,2,
1466460469,00-17-0d-00-00-b0-00-cc,00-17-0d-00-00-60-3c-d9,2,
1466463164,00-17-0d-00-00-b0-00-cc,00-17-0d-00-00-60-3c-d9,2,
1466465802,00-17-0d-00-00-60-3c-d9,00-17-0d-00-00-b0-00-cc,3,
1466469705,00-17-0d-00-00-60-3c-d9,00-17-0d-00-00-b0-00-cc,3,
1466473197,00-17-0d-00-00-b0-00-cc,00-17-0d-00-00-60-3c-d9,2,
1466476914,00-17-0d-00-00-60-3c-d9,00-17-0d-00-00-b0-00-cc,3,
1466480067,00-17-0d-00-00-3f-fe-88,00-17-0d-00-00-58-32-36,3,
1466481778,00-17-0d-00-00-60-3c-d9,00-17-0d-00-00-b0-00-cc,3,
1466486463,00-17-0d-00-00-60-3c-d9,00-17-0d-00-00-b0-00-cc,3,
1466490798,00-17-0d-00-00-60-3c-d9,00-17-0d-00-00-b0-00-cc,3,
1466493411,00-17-0d-00-00-b0-00-cc,00-17-0d-00-00-60-3c-d9,2,
1466495913,00-17-0d-00-00-60-3c-d9,00-17-0d-00-00-b0-00-cc,3,
1466499836,00-17-0d-00-00-60-3c-d9,00-17-0d-00-00-b0-00-cc,3,
1466501267,00-17-0d-00-00-60-3c-d9,00-17-0d-00-00-b0-00-cc,3,
1466506824,00-17-0d-00-00-b0-00-cc,00-17-0d-00-00-60-3c-d9,2,
1466509385,00-17-0d-00-00-b0-00-cc,00-17-0d-00-00-60-3c-d9,2,
1466512180,00-17-0d-00-00-60-3c-d9,00-17-0d-00-00-b0-00-cc,3,
1466516139,00-17-0d-00-00-60-3c-d9,00-17-0d-00-00-b0-00-cc,3,
1466519403,00-17-0d-00-00-60-3c-d9,00-17-0d-00-00-b0-00-cc,3,
1466523167,00-17-0d-00-00-60-3c-d9,00-17-0d-00-00-b0-00-cc,3,
1466524548,00-17-0d-00-00-60-3c-d9,00-17-0d-00-00-b0-00-cc,3,
1466525867,00-17-0d-00-00-60-3c-d9,00-17-0d-00-00-b0-00-cc,3,
1466527074,00-17-0d-00-00-30-60-ef,00-17-0d-00-00-b0-00-87,2,
1466528568,00-17-0d-00-00-60-3c-d9,00-17-0d-00-00-b0-00-cc,3,
1466531152,00-17-0d-00-00-60-3c-d9,00-17-0d-00-00-b0-00-cc,3,
1466532637,00-17-0d-00-00-60-3c-d9,00-17-0d-00-00-b0-00-cc,3,
1466535206,00-17-0d-00-00-b0-00-cc,00-17-0d-00-00-60-3c-d9,2,
1466536881,00-17-0d-00-00-60-3c-d9,00-17-0d-00-00-b0-00-cc,3,
1466539373,00-17-0d-00-00-60-3c-d9,00-17-0d-00-00-b0-00-cc,3,
1466541475,00-17-0d-00-00-30-60-ef,00-17-0d-00-00-b0-00-87,2,
1466546128,00-17-0d-00-00-60-3c-d9,00-17-0d-00-00-b0-00-cc,3,
1466547628,00-17-0d-00-00-b0-00-cc,00-17-0d-00-00-60-3c-d9,2,
1466548676,00-17-0d-00-00-60-02-1b,00-17-0d-00-00-60-08-d5,2,
1466554287,00-17-0d-00-00-60-3c-d9,00-17-0d-00-00-b0-00-cc,3,
1466555763,00-17-0d-00-00-60-3c-d9,00-17-0d-00-00-b0-00-cc,3,
1466562437,00-17-0d-00-00-3f-fe-88,00-17-0d-00-00-58-32-36,3,
1466562514,00-17-0d-00-00-60-3c-d9,00-17-0d-00-00-b0-00-cc,3,
1466563073,00-17-0d-00-00-30-60-ef,00-17-0d-00-00-b0-00-87,2,
1466563874,00-17-0d-00-00-60-3c-d9,00-17-0d-00-00-b0-00-cc,3,
1466564972,00-17-0d-00-00-60-3c-d9,00-17-0d-00-00-b0-00-cc,3,
1466566239,00-17-0d-00-00-b0-00-cc,00-17-0d-00-00-60-3c-d9,2,
1466569788,00-17-0d-00-00-b0-00-cc,00-17-0d-00-00-60-3c-d9,2,
1466570869,00-17-0d-00-00-60-3c-d9,00-17-0d-00-00-b0-00-cc,3,
1466572330,00-17-0d-00-00-60-3c-d9,00-17-0d-00-00-b0-00-cc,3,
1466576869,00-17-0d-00-00-60-3c-d9,00-17-0d-00-00-b0-00-cc,3,
1466578077,00-17-0d-00-00-60-3c-d9,00-17-0d-00-00-b0-00-cc,3,
1466580719,00-17-0d-00-00-b0-00-cc,00-17-0d-00-00-60-3c-d9,2,
1466585661,00-17-0d-00-00-60-3c-d9,00-17-0d-00-00-b0-00-cc,3,
1466587680,00-17-0d-00-00-60-3c-d9,00-17-0d-00-00-b0-00-cc,3,
1466588869,00-17-0d-00-00-60-3c-d9,00-17-0d-00-00-b0-00-cc,3,
1466591282,00-17-0d-00-00-60-3c-d9,00-17-0d-00-00-b0-00-cc,3,
1466592744,00-17-0d-00-00-60-3c-d9,00-17-0d-00-00-b0-00-cc,3,
1466594909,00-17-0d-00-00-b0-00-cc,00-17-0d-00-00-60-3c-d9,2,
1466599878,00-17-0d-00-00-60-3c-d9,00-17-0d-00-00-b0-00-cc,3,
1466600777,00-17-0d-00-00-b0-00-cc,00-17-0d-00-00-60-3c-d9,2,
1466602326,00-17-0d-00-00-60-3c-d9,00-17-0d-00-00-b0-00-cc,3,
1466608852,00-17-0d-00-00-60-3c-d9,00-17-0d-00-00-b0-00-cc,3,
1466609329,00-17-0d-00-00-60-3c-d9,00-17-0d-00-00-b0-00-cc,3,
1466610524,00-17-0d-00-00-b0-00-cc,00-17-0d-00-00-60-3c-d9,2,
1466611808,00-17-0d-00-00-60-3c-d9,00-17-0d-00-00-b0-00-cc,3,
1466612988,00-17-0d-00-00-60-3c-d9,00-17-0d-00-00-b0-00-cc,3,
1466615513,00-17-0d-00-00-60-3c-d9,00-17-0d-00-00-b0-00-cc,3,
1466616863,00-17-0d-00-00-b0-00-cc,00-17-0d-00-00-60-3c-d9,2,
1466620570,00-17-0d-00-00-60-3c-d9,00-17-0d-00-00-b0-00-cc,3,
1466622553,00-17-0d-00-00-60-3c-d9,00-17-0d-00-00-b0-00-cc,3,
1466625287,00-17-0d-00-00-60-3c-d9,00-17-0d-00-00-b0-00-cc,3,
1466626070,00-17-0d-00-00-60-3c-d9,00-17-0d-00-00-b0-00-cc,3,
1466627875,00-17-0d-00-00-60-03-82,00-17-0d-00-00-30-60-ef,2,
1466630935,00-17-0d-00-00-b0-00-cc,00-17-0d-00-00-60-3c-d9,2,
1466633271,00-17-0d-00-00-60-3c-d9,00-17-0d-00-00-b0-00-cc,3,
1466635740,00-17-0d-00-00-60-3c-d9,00-17-0d-00-00-b0-00-cc,3,
1466639576,00-17-0d-00-00-60-3c-d9,00-17-0d-00-00-b0-00-cc,3,
1466640472,00-17-0d-00-00-60-3c-d9,00-17-0d-00-00-b0-00-cc,3,
1466641763,00-17-0d-00-00-60-3c-d9,00-17-0d-00-00-b0-00-cc,3,
1466645328,00-17-0d-00-00-b0-00-cc,00-17-0d-00-00-60-3c-d9,2,
1466646669,00-17-0d-00-00-60-3c-d9,00-17-0d-00-00-b0-00-cc,3,
1466649064,00-17-0d-00-00-60-3c-d9,00-17-0d-00-00-b0-00-cc,3,
1466649894,00-17-0d-00-00-60-3c-d9,00-17-0d-00-00-b0-00-cc,3,
1466651321,00-17-0d-00-00-60-3c-d9,00-17-0d-00-00-b0-00-cc,3,
1466654805,00-17-0d-00-00-60-3c-d9,00-17-0d-00-00-b0-00-cc,3,
1466656301,00-17-0d-00-00-60-3c-d9,00-17-0d-00-00-b0-00-cc,3,
1466661021,00-17-0d-00-00-60-3c-d9,00-17-0d-00-00-b0-00-cc,3,
1466662177,00-17-0d-00-00-60-3c-d9,00-17-0d-00-00-b0-00-cc,3,
1466664573,00-17-0d-00-00-60-3c-d9,00-17-0d-00-00-b0-00-cc,3,
1466667079,00-17-0d-00-00-60-3c-d9,00-17-0d-00-00-b0-00-cc,3,
1466670519,00-17-0d-00-00-60-3c-d9,00-17-0d-00-00-b0-00-cc,3,
1466671682,00-17-0d-00-00-60-3c-d9,00-17-0d-00-00-b0-00-cc,3,
1466677672,00-17-0d-00-00-60-3c-d9,00-17-0d-00-00-b0-00-cc,3,
1466678874,00-17-0d-00-00-60-3c-d9,00-17-0d-00-00-b0-00-cc,3,
1466685475,00-17-0d-00-00-60-06-27,00-17-0d-00-00-b0-00-87,2,
1466690835,00-17-0d-00-00-60-3c-d9,00-17-0d-00-00-b0-00-cc,3,
1466693273,00-17-0d-00-00-60-3c-d9,00-17-0d-00-00-b0-00-cc,3,
1466694499,00-17-0d-00-00-60-3c-d9,00-17-0d-00-00-b0-00-cc,3,
1466696882,00-17-0d-00-00-60-3c-d9,00-17-0d-00-00-b0-00-cc,3,
1466698106,00-17-0d-00-00-b0-00-cc,00-17-0d-00-00-60-3c-d9,2,
1466700596,00-17-0d-00-00-60-3c-d9,00-17-0d-00-00-b0-00-cc,3,
1466702874,00-17-0d-00-00-b0-00-cc,00-17-0d-00-00-60-3c-d9,2,
1466705273,00-17-0d-00-00-60-3c-d9,00-17-0d-00-00-b0-00-cc,3,
1466706474,00-17-0d-00-00-60-3c-d9,00-17-0d-00-00-b0-00-cc,3,
1466708874,00-17-0d-00-00-60-3c-d9,00-17-0d-00-00-b0-00-cc,3,
1466710074,00-17-0d-00-00-60-3c-d9,00-17-0d-00-00-b0-00-cc,3,
1466711418,00-17-0d-00-00-b0-00-cc,00-17-0d-00-00-60-3c-d9,2,
1466712514,00-17-0d-00-00-60-3c-d9,00-17-0d-00-00-b0-00-cc,3,
1466716079,00-17-0d-00-00-60-3c-d9,00-17-0d-00-00-b0-00-cc,3,
1466717274,00-17-0d-00-00-60-3c-d9,00-17-0d-00-00-b0-00-cc,3,
1466718774,00-17-0d-00-00-60-3c-d9,00-17-0d-00-00-b0-00-cc,3,
1466721476,00-17-0d-00-00-60-03-82,00-17-0d-00-00-30-60-ef,2,
1466722274,00-17-0d-00-00-60-3c-d9,00-17-0d-00-00-b0-00-cc,3,
1466724651,00-17-0d-00-00-60-3c-d9,00-17-0d-00-00-b0-00-cc,3,
1466725724,00-17-0d-00-00-60-3c-d9,00-17-0d-00-00-b0-00-cc,3,
1466730292,00-17-0d-00-00-60-3c-d9,00-17-0d-00-00-b0-00-cc,3,
1466732126,00-17-0d-00-00-60-3c-d9,00-17-0d-00-00-b0-00-cc,3,
1466734226,00-17-0d-00-00-60-3c-d9,00-17-0d-00-00-b0-00-cc,3,
1466736518,00-17-0d-00-00-60-3c-d9,00-17-0d-00-00-b0-00-cc,3,
1466737211,00-17-0d-00-00-60-3c-d9,00-17-0d-00-00-b0-00-cc,3,
1466737217,00-17-0d-00-00-60-03-82,00-17-0d-00-00-30-60-ef,2,
1466737275,00-17-0d-00-00-60-3c-d9,00-17-0d-00-00-b0-00-cc,3,
1466738895,00-17-0d-00-00-60-3c-d9,00-17-0d-00-00-b0-00-cc,3,
1466741112,00-17-0d-00-00-60-3c-d9,00-17-0d-00-00-b0-00-cc,3,
1466742750,00-17-0d-00-00-60-3c-d9,00-17-0d-00-00-b0-00-cc,3,
1466746141,00-17-0d-00-00-60-3c-d9,00-17-0d-00-00-b0-00-cc,3,
1466747505,00-17-0d-00-00-60-3c-d9,00-17-0d-00-00-b0-00-cc,3,
1466749761,00-17-0d-00-00-60-3c-d9,00-17-0d-00-00-b0-00-cc,3,
1466751897,00-17-0d-00-00-60-3c-d9,00-17-0d-00-00-b0-00-cc,3,
1466758110,00-17-0d-00-00-60-3c-d9,00-17-0d-00-00-b0-00-cc,3,
1466762876,00-17-0d-00-00-60-3c-d9,00-17-0d-00-00-b0-00-cc,3,
1466764064,00-17-0d-00-00-b0-00-cc,00-17-0d-00-00-60-3c-d9,2,
1466765336,00-17-0d-00-00-60-3c-d9,00-17-0d-00-00-b0-00-cc,3,
1466767860,00-17-0d-00-00-60-3c-d9,00-17-0d-00-00-b0-00-cc,3,
1466771206,00-17-0d-00-00-b0-00-cc,00-17-0d-00-00-60-3c-d9,2,
1466772176,00-17-0d-00-00-60-3c-d9,00-17-0d-00-00-b0-00-cc,3,
1466773676,00-17-0d-00-00-60-3c-d9,00-17-0d-00-00-b0-00-cc,3,
1466774877,00-17-0d-00-00-b0-00-cc,00-17-0d-00-00-60-3c-d9,2,
1466775371,00-17-0d-00-00-60-3c-d9,00-17-0d-00-00-30-60-ef,3,
1466779741,00-17-0d-00-00-60-3c-d9,00-17-0d-00-00-b0-00-cc,3,
1466780919,00-17-0d-00-00-60-3c-d9,00-17-0d-00-00-b0-00-cc,3,
1466782106,00-17-0d-00-00-60-3c-d9,00-17-0d-00-00-b0-00-cc,3,
1466785341,00-17-0d-00-00-60-3c-d9,00-17-0d-00-00-b0-00-cc,3,
1466788258,00-17-0d-00-00-60-3c-d9,00-17-0d-00-00-b0-00-cc,3,
1466790453,00-17-0d-00-00-60-3c-d9,00-17-0d-00-00-b0-00-cc,3,
1466794200,00-17-0d-00-00-60-3c-d9,00-17-0d-00-00-b0-00-cc,3,
1466795290,00-17-0d-00-00-60-3c-d9,00-17-0d-00-00-b0-00-cc,3,
1466799051,00-17-0d-00-00-60-3c-d9,00-17-0d-00-00-b0-00-cc,3,
1466800601,00-17-0d-00-00-b0-00-cc,00-17-0d-00-00-60-3c-d9,2,
1466801382,00-17-0d-00-00-60-3c-d9,00-17-0d-00-00-b0-00-cc,3,
1466804020,00-17-0d-00-00-60-3c-d9,00-17-0d-00-00-b0-00-cc,3,
1466807495,00-17-0d-00-00-60-3c-d9,00-17-0d-00-00-b0-00-cc,3,
1466810634,00-17-0d-00-00-60-3c-d9,00-17-0d-00-00-b0-00-cc,3,
1466818737,00-17-0d-00-00-60-3c-d9,00-17-0d-00-00-30-60-ef,3,
1466819628,00-17-0d-00-00-b0-00-cc,00-17-0d-00-00-60-3c-d9,2,
1466823063,00-17-0d-00-00-60-3c-d9,00-17-0d-00-00-b0-00-cc,3,
1466824474,00-17-0d-00-00-60-3c-d9,00-17-0d-00-00-b0-00-cc,3,
1466831705,00-17-0d-00-00-60-3c-d9,00-17-0d-00-00-b0-00-cc,3,
1466832504,00-17-0d-00-00-60-3c-d9,00-17-0d-00-00-b0-00-cc,3,
1466834969,00-17-0d-00-00-60-3c-d9,00-17-0d-00-00-b0-00-cc,3,
1466841135,00-17-0d-00-00-60-3c-d9,00-17-0d-00-00-b0-00-cc,3,
1466842179,00-17-0d-00-00-60-3c-d9,00-17-0d-00-00-b0-00-cc,3,
1466846766,00-17-0d-00-00-60-3c-d9,00-17-0d-00-00-b0-00-cc,3,
1466849806,00-17-0d-00-00-60-3c-d9,00-17-0d-00-00-b0-00-cc,3,
1466853093,00-17-0d-00-00-3f-fe-88,00-17-0d-00-00-58-32-36,3,
1466855801,00-17-0d-00-00-60-3c-d9,00-17-0d-00-00-b0-00-cc,3,
1466858759,00-17-0d-00-00-60-3c-d9,00-17-0d-00-00-b0-00-cc,3,
1466861723,00-17-0d-00-00-60-3c-d9,00-17-0d-00-00-b0-00-cc,3,
1466864458,00-17-0d-00-00-b0-00-cc,00-17-0d-00-00-60-3c-d9,2,
1466871095,00-17-0d-00-00-b0-00-cc,00-17-0d-00-00-60-3c-d9,2,
1466872393,00-17-0d-00-00-b0-00-cc,00-17-0d-00-00-60-3c-d9,2,
1466873524,00-17-0d-00-00-b0-00-cc,00-17-0d-00-00-60-3c-d9,2,
1466877785,00-17-0d-00-00-b0-00-cc,00-17-0d-00-00-60-3c-d9,2,
1466879270,00-17-0d-00-00-b0-00-cc,00-17-0d-00-00-60-3c-d9,2,
1466879877,00-17-0d-00-00-60-03-82,00-17-0d-00-00-60-05-69,2,
1466880493,00-17-0d-00-00-60-3c-d9,00-17-0d-00-00-b0-00-cc,3,
1466888738,00-17-0d-00-00-60-3c-d9,00-17-0d-00-00-b0-00-cc,3,
1466892633,00-17-0d-00-00-60-3c-d9,00-17-0d-00-00-b0-00-cc,3,
1466894383,00-17-0d-00-00-60-3c-d9,00-17-0d-00-00-b0-00-cc,3,
1466896972,00-17-0d-00-00-60-3c-d9,00-17-0d-00-00-b0-00-cc,3,
1466902119,00-17-0d-00-00-b0-00-cc,00-17-0d-00-00-60-3c-d9,2,
1466903745,00-17-0d-00-00-60-3c-d9,00-17-0d-00-00-b0-00-cc,3,
1466905497,00-17-0d-00-00-60-3c-d9,00-17-0d-00-00-b0-00-cc,3,
1466910497,00-17-0d-00-00-60-3c-d9,00-17-0d-00-00-b0-00-cc,3,
1466913136,00-17-0d-00-00-60-3c-d9,00-17-0d-00-00-b0-00-cc,3,
1466918796,00-17-0d-00-00-60-3c-d9,00-17-0d-00-00-b0-00-cc,3,
1466920600,00-17-0d-00-00-60-3c-d9,00-17-0d-00-00-b0-00-cc,3,
1466925104,00-17-0d-00-00-60-3c-d9,00-17-0d-00-00-b0-00-cc,3,
1466926729,00-17-0d-00-00-60-3c-d9,00-17-0d-00-00-30-60-ef,3,
1466927941,00-17-0d-00-00-60-3c-d9,00-17-0d-00-00-b0-00-cc,3,
1466933099,00-17-0d-00-00-b0-00-cc,00-17-0d-00-00-60-3c-d9,2,
1466934504,00-17-0d-00-00-60-3c-d9,00-17-0d-00-00-b0-00-cc,3,
1466939499,00-17-0d-00-00-60-3c-d9,00-17-0d-00-00-b0-00-cc,3,
1466944007,00-17-0d-00-00-60-3c-d9,00-17-0d-00-00-b0-00-cc,3,
1466947199,00-17-0d-00-00-b0-00-cc,00-17-0d-00-00-60-3c-d9,2,
1466948307,00-17-0d-00-00-60-3c-d9,00-17-0d-00-00-30-60-ef,3,
1466950094,00-17-0d-00-00-60-3c-d9,00-17-0d-00-00-b0-00-cc,3,
1466955951,00-17-0d-00-00-b0-00-cc,00-17-0d-00-00-60-3c-d9,2,
1466958765,00-17-0d-00-00-60-3c-d9,00-17-0d-00-00-b0-00-cc,3,
1466959058,00-17-0d-00-00-60-02-1b,00-17-0d-00-00-60-08-d5,2,
1466964667,00-17-0d-00-00-b0-00-cc,00-17-0d-00-00-60-3c-d9,2,
1466966389,00-17-0d-00-00-b0-00-cc,00-17-0d-00-00-60-3c-d9,2,
1466967632,00-17-0d-00-00-60-3c-d9,00-17-0d-00-00-b0-00-cc,3,
1466977137,00-17-0d-00-00-60-3c-d9,00-17-0d-00-00-30-60-ef,3,
1467002277,00-17-0d-00-00-60-02-1b,00-17-0d-00-00-60-08-d5,2,
1467016678,00-17-0d-00-00-60-03-82,00-17-0d-00-00-3f-fe-88,2,
1467052596,00-17-0d-00-00-60-03-82,00-17-0d-00-00-30-60-ef,2,
1467059716,00-17-0d-00-00-60-03-82,00-17-0d-00-00-60-05-69,2,
1467082904,00-17-0d-00-00-60-06-27,00-17-0d-00-00-60-05-69,2,
1467093438,00-17-0d-00-00-60-3c-d9,00-17-0d-00-00-b0-00-cc,3,
1467097423,00-17-0d-00-00-60-3c-d9,00-17-0d-00-00-b0-00-cc,3,
1467131055,00-17-0d-00-00-60-3c-d9,00-17-0d-00-00-b0-00-cc,3,
1467142737,00-17-0d-00-00-60-3c-d9,00-17-0d-00-00-30-60-ef,3,
1467145634,00-17-0d-00-00-b0-00-cc,00-17-0d-00-00-60-3c-d9,2,
1467153567,00-17-0d-00-00-60-3c-d9,00-17-0d-00-00-b0-00-cc,3,
1467157396,00-17-0d-00-00-60-3c-d9,00-17-0d-00-00-b0-00-cc,3,
1467161673,00-17-0d-00-00-60-3c-d9,00-17-0d-00-00-b0-00-cc,3,
1467162871,00-17-0d-00-00-60-3c-d9,00-17-0d-00-00-b0-00-cc,3,
1467166633,00-17-0d-00-00-60-3c-d9,00-17-0d-00-00-b0-00-cc,3,
1467169255,00-17-0d-00-00-60-3c-d9,00-17-0d-00-00-b0-00-cc,3,
1467171197,00-17-0d-00-00-60-3c-d9,00-17-0d-00-00-b0-00-cc,3,
1467174265,00-17-0d-00-00-60-3c-d9,00-17-0d-00-00-b0-00-cc,3,
1467178277,00-17-0d-00-00-3f-fe-88,00-17-0d-00-00-58-32-36,3,
1467183346,00-17-0d-00-00-60-3c-d9,00-17-0d-00-00-b0-00-cc,3,
1467203878,00-17-0d-00-00-3f-f8-20,00-17-0d-00-00-b0-00-87,2,
1467217506,00-17-0d-00-00-b0-00-cc,00-17-0d-00-00-60-3c-d9,2,
1467219381,00-17-0d-00-00-60-3c-d9,00-17-0d-00-00-b0-00-cc,3,
1467220575,00-17-0d-00-00-b0-00-cc,00-17-0d-00-00-60-3c-d9,2,
1467222480,00-17-0d-00-00-b0-00-cc,00-17-0d-00-00-60-3c-d9,2,
1467225867,00-17-0d-00-00-60-3c-d9,00-17-0d-00-00-b0-00-cc,3,
1467228659,00-17-0d-00-00-60-3c-d9,00-17-0d-00-00-b0-00-cc,3,
1467228785,00-17-0d-00-00-60-3c-d9,00-17-0d-00-00-30-60-ef,3,
1467235466,00-17-0d-00-00-60-3c-d9,00-17-0d-00-00-b0-00-cc,3,
1467242351,00-17-0d-00-00-b0-00-cc,00-17-0d-00-00-60-3c-d9,2,
1467243182,00-17-0d-00-00-60-3c-d9,00-17-0d-00-00-b0-00-cc,3,
1467250396,00-17-0d-00-00-60-3c-d9,00-17-0d-00-00-b0-00-cc,3,
1467253212,00-17-0d-00-00-b0-00-cc,00-17-0d-00-00-60-3c-d9,2,
1467254193,00-17-0d-00-00-60-03-82,00-17-0d-00-00-60-05-69,2,
1467255936,00-17-0d-00-00-60-3c-d9,00-17-0d-00-00-b0-00-cc,3,
1467258359,00-17-0d-00-00-60-3c-d9,00-17-0d-00-00-b0-00-cc,3,
1467259780,00-17-0d-00-00-60-3c-d9,00-17-0d-00-00-b0-00-cc,3,
1467266182,00-17-0d-00-00-60-3c-d9,00-17-0d-00-00-b0-00-cc,3,
1467267839,00-17-0d-00-00-60-3c-d9,00-17-0d-00-00-b0-00-cc,3,
1467274850,00-17-0d-00-00-b0-00-cc,00-17-0d-00-00-60-3c-d9,2,
1467279050,00-17-0d-00-00-60-3c-d9,00-17-0d-00-00-30-60-ef,3,
1467280040,00-17-0d-00-00-60-3c-d9,00-17-0d-00-00-b0-00-cc,3,
1467281517,00-17-0d-00-00-60-3c-d9,00-17-0d-00-00-b0-00-cc,3,
1467282847,00-17-0d-00-00-60-3c-d9,00-17-0d-00-00-b0-00-cc,3,
1467289486,00-17-0d-00-00-60-3c-d9,00-17-0d-00-00-b0-00-cc,3,
1467291383,00-17-0d-00-00-60-3c-d9,00-17-0d-00-00-b0-00-cc,3,
1467293772,00-17-0d-00-00-60-3c-d9,00-17-0d-00-00-b0-00-cc,3,
1467296742,00-17-0d-00-00-60-3c-d9,00-17-0d-00-00-b0-00-cc,3,
1467297750,00-17-0d-00-00-60-3c-d9,00-17-0d-00-00-b0-00-cc,3,
1467303336,00-17-0d-00-00-60-3c-d9,00-17-0d-00-00-b0-00-cc,3,
1467304532,00-17-0d-00-00-60-3c-d9,00-17-0d-00-00-b0-00-cc,3,
1467310184,00-17-0d-00-00-60-3c-d9,00-17-0d-00-00-b0-00-cc,3,
1467312979,00-17-0d-00-00-60-3c-d9,00-17-0d-00-00-b0-00-cc,3,
1467314984,00-17-0d-00-00-60-3c-d9,00-17-0d-00-00-b0-00-cc,3,
1467319103,00-17-0d-00-00-60-3c-d9,00-17-0d-00-00-b0-00-cc,3,
1467321790,00-17-0d-00-00-60-3c-d9,00-17-0d-00-00-b0-00-cc,3,
1467323567,00-17-0d-00-00-60-05-69,00-17-0d-00-00-58-32-36,3,
1467328535,00-17-0d-00-00-b0-00-cc,00-17-0d-00-00-60-3c-d9,2,
1467333479,00-17-0d-00-00-58-32-36,00-17-0d-00-00-60-02-1b,2,
1467337077,00-17-0d-00-00-60-3c-d9,00-17-0d-00-00-30-60-ef,3,
1467339766,00-17-0d-00-00-60-3c-d9,00-17-0d-00-00-b0-00-cc,3,
1467342045,00-17-0d-00-00-60-3c-d9,00-17-0d-00-00-b0-00-cc,3,
1467354955,00-17-0d-00-00-60-3c-d9,00-17-0d-00-00-b0-00-cc,3,
1467358498,00-17-0d-00-00-60-3c-d9,00-17-0d-00-00-30-60-ef,3,
1467363736,00-17-0d-00-00-60-3c-d9,00-17-0d-00-00-b0-00-cc,3,
1467366833,00-17-0d-00-00-60-3c-d9,00-17-0d-00-00-b0-00-cc,3,
1467375031,00-17-0d-00-00-60-3c-d9,00-17-0d-00-00-b0-00-cc,3,
1467380631,00-17-0d-00-00-60-3c-d9,00-17-0d-00-00-b0-00-cc,3,
1467383317,00-17-0d-00-00-60-3c-d9,00-17-0d-00-00-b0-00-cc,3,
1467390098,00-17-0d-00-00-60-3c-d9,00-17-0d-00-00-b0-00-cc,3,
1467391618,00-17-0d-00-00-b0-00-cc,00-17-0d-00-00-60-3c-d9,2,
1467394417,00-17-0d-00-00-60-3c-d9,00-17-0d-00-00-b0-00-cc,3,
1467398017,00-17-0d-00-00-b0-00-cc,00-17-0d-00-00-60-3c-d9,2,
1467401183,00-17-0d-00-00-60-3c-d9,00-17-0d-00-00-b0-00-cc,3,
1467406209,00-17-0d-00-00-60-3c-d9,00-17-0d-00-00-b0-00-cc,3,
1467415207,00-17-0d-00-00-b0-00-cc,00-17-0d-00-00-60-3c-d9,2,
1467417370,00-17-0d-00-00-b0-00-cc,00-17-0d-00-00-60-3c-d9,2,
1467421140,00-17-0d-00-00-b0-00-cc,00-17-0d-00-00-60-3c-d9,2,
1467423209,00-17-0d-00-00-60-3c-d9,00-17-0d-00-00-b0-00-cc,3,
1467426752,00-17-0d-00-00-60-3c-d9,00-17-0d-00-00-b0-00-cc,3,
1467429673,00-17-0d-00-00-b0-00-cc,00-17-0d-00-00-60-3c-d9,2,
1467433698,00-17-0d-00-00-60-3c-d9,00-17-0d-00-00-b0-00-cc,3,
1467434984,00-17-0d-00-00-60-3c-d9,00-17-0d-00-00-b0-00-cc,3,
1467436498,00-17-0d-00-00-60-3c-d9,00-17-0d-00-00-b0-00-cc,3,
1467441577,00-17-0d-00-00-60-3c-d9,00-17-0d-00-00-b0-00-cc,3,
1467444373,00-17-0d-00-00-b0-00-cc,00-17-0d-00-00-60-3c-d9,2,
1467446014,00-17-0d-00-00-60-3c-d9,00-17-0d-00-00-b0-00-cc,3,
1467449108,00-17-0d-00-00-60-3c-d9,00-17-0d-00-00-b0-00-cc,3,
1467451421,00-17-0d-00-00-60-3c-d9,00-17-0d-00-00-b0-00-cc,3,
1467452403,00-17-0d-00-00-60-3c-d9,00-17-0d-00-00-b0-00-cc,3,
1467453989,00-17-0d-00-00-60-3c-d9,00-17-0d-00-00-b0-00-cc,3,
1467456723,00-17-0d-00-00-60-3c-d9,00-17-0d-00-00-b0-00-cc,3,
1467458994,00-17-0d-00-00-60-3c-d9,00-17-0d-00-00-30-60-ef,3,
1467459693,00-17-0d-00-00-b0-00-cc,00-17-0d-00-00-60-3c-d9,2,
1467461612,00-17-0d-00-00-60-3c-d9,00-17-0d-00-00-b0-00-cc,3,
1467465540,00-17-0d-00-00-60-3c-d9,00-17-0d-00-00-b0-00-cc,3,
1467468120,00-17-0d-00-00-60-3c-d9,00-17-0d-00-00-b0-00-cc,3,
1467472588,00-17-0d-00-00-b0-00-cc,00-17-0d-00-00-60-3c-d9,2,
1467475233,00-17-0d-00-00-60-3c-d9,00-17-0d-00-00-b0-00-cc,3,
1467481014,00-17-0d-00-00-b0-00-cc,00-17-0d-00-00-60-3c-d9,2,
1467485461,00-17-0d-00-00-b0-00-cc,00-17-0d-00-00-60-3c-d9,2,
1467489899,00-17-0d-00-00-60-3c-d9,00-17-0d-00-00-b0-00-cc,3,
1467492638,00-17-0d-00-00-60-3c-d9,00-17-0d-00-00-b0-00-cc,3,
1467495540,00-17-0d-00-00-60-3c-d9,00-17-0d-00-00-30-60-ef,3,
1467496113,00-17-0d-00-00-b0-00-cc,00-17-0d-00-00-60-3c-d9,2,
1467500281,00-17-0d-00-00-60-3c-d9,00-17-0d-00-00-b0-00-cc,3,
1467506031,00-17-0d-00-00-60-3c-d9,00-17-0d-00-00-b0-00-cc,3,
1467508647,00-17-0d-00-00-60-3c-d9,00-17-0d-00-00-b0-00-cc,3,
1467514906,00-17-0d-00-00-60-03-82,00-17-0d-00-00-30-60-ef,2,
1467515143,00-17-0d-00-00-b0-00-cc,00-17-0d-00-00-60-3c-d9,2,
1467520231,00-17-0d-00-00-60-3c-d9,00-17-0d-00-00-b0-00-cc,3,
1467520430,00-17-0d-00-00-60-03-82,00-17-0d-00-00-60-05-69,2,
1467524544,00-17-0d-00-00-b0-00-cc,00-17-0d-00-00-60-3c-d9,2,
1467529604,00-17-0d-00-00-60-3c-d9,00-17-0d-00-00-b0-00-cc,3,
1467531292,00-17-0d-00-00-60-3c-d9,00-17-0d-00-00-b0-00-cc,3,
1467531541,00-17-0d-00-00-60-3c-d9,00-17-0d-00-00-30-60-ef,3,
1467538541,00-17-0d-00-00-60-3c-d9,00-17-0d-00-00-b0-00-cc,3,
1467543520,00-17-0d-00-00-60-3c-d9,00-17-0d-00-00-b0-00-cc,3,
1467549186,00-17-0d-00-00-60-3c-d9,00-17-0d-00-00-b0-00-cc,3,
1467554420,00-17-0d-00-00-60-3c-d9,00-17-0d-00-00-b0-00-cc,3,
1467557345,00-17-0d-00-00-60-3c-d9,00-17-0d-00-00-b0-00-cc,3,
1467561017,00-17-0d-00-00-60-3c-d9,00-17-0d-00-00-b0-00-cc,3,
1467562528,00-17-0d-00-00-60-3c-d9,00-17-0d-00-00-b0-00-cc,3,
1467567541,00-17-0d-00-00-60-3c-d9,00-17-0d-00-00-30-60-ef,3,
1467568074,00-17-0d-00-00-b0-00-cc,00-17-0d-00-00-60-3c-d9,2,
1467569460,00-17-0d-00-00-60-3c-d9,00-17-0d-00-00-b0-00-cc,3,
1467574756,00-17-0d-00-00-60-3c-d9,00-17-0d-00-00-b0-00-cc,3,
1467577186,00-17-0d-00-00-60-3c-d9,00-17-0d-00-00-b0-00-cc,3,
1467578280,00-17-0d-00-00-60-03-82,00-17-0d-00-00-60-05-69,2,
1467581806,00-17-0d-00-00-b0-00-cc,00-17-0d-00-00-60-3c-d9,2,
1467610741,00-17-0d-00-00-60-3c-d9,00-17-0d-00-00-30-60-ef,3,
1467632384,00-17-0d-00-00-60-3c-d9,00-17-0d-00-00-b0-00-cc,3,
1467635881,00-17-0d-00-00-60-03-82,00-17-0d-00-00-30-60-ef,2,
1467638046,00-17-0d-00-00-60-3c-d9,00-17-0d-00-00-b0-00-cc,3,
1467642862,00-17-0d-00-00-60-3c-d9,00-17-0d-00-00-b0-00-cc,3,
1467652718,00-17-0d-00-00-60-3c-d9,00-17-0d-00-00-b0-00-cc,3,
1467655140,00-17-0d-00-00-60-3c-d9,00-17-0d-00-00-b0-00-cc,3,
1467656951,00-17-0d-00-00-60-03-82,00-17-0d-00-00-30-60-ef,2,
1467676847,00-17-0d-00-00-b0-00-cc,00-17-0d-00-00-60-3c-d9,2,
1467679435,00-17-0d-00-00-60-3c-d9,00-17-0d-00-00-b0-00-cc,3,
1467684041,00-17-0d-00-00-60-3c-d9,00-17-0d-00-00-b0-00-cc,3,
1467686341,00-17-0d-00-00-b0-00-cc,00-17-0d-00-00-60-3c-d9,2,
1467694138,00-17-0d-00-00-60-3c-d9,00-17-0d-00-00-b0-00-cc,3,
1467706223,00-17-0d-00-00-b0-00-cc,00-17-0d-00-00-60-3c-d9,2,
1467711858,00-17-0d-00-00-60-3c-d9,00-17-0d-00-00-b0-00-cc,3,
1467716099,00-17-0d-00-00-60-3c-d9,00-17-0d-00-00-b0-00-cc,3,
1467723630,00-17-0d-00-00-b0-00-cc,00-17-0d-00-00-60-3c-d9,2,
1467725941,00-17-0d-00-00-60-3c-d9,00-17-0d-00-00-30-60-ef,3,
1467729834,00-17-0d-00-00-60-3c-d9,00-17-0d-00-00-b0-00-cc,3,
1467733030,00-17-0d-00-00-60-3c-d9,00-17-0d-00-00-b0-00-cc,3,
1467734685,00-17-0d-00-00-60-3c-d9,00-17-0d-00-00-b0-00-cc,3,
1467739571,00-17-0d-00-00-60-3c-d9,00-17-0d-00-00-b0-00-cc,3,
1467744807,00-17-0d-00-00-60-3c-d9,00-17-0d-00-00-b0-00-cc,3,
1467746129,00-17-0d-00-00-60-3c-d9,00-17-0d-00-00-b0-00-cc,3,
1467749219,00-17-0d-00-00-b0-00-cc,00-17-0d-00-00-60-3c-d9,2,
1467750422,00-17-0d-00-00-60-02-1b,00-17-0d-00-00-60-01-f8,2,
1467760321,00-17-0d-00-00-30-60-ef,00-17-0d-00-00-58-32-36,3,
1467768120,00-17-0d-00-00-60-02-1b,00-17-0d-00-00-58-32-36,3,
1467772495,00-17-0d-00-00-60-05-78,00-17-0d-00-00-30-60-ef,2,
1467779877,00-17-0d-00-00-58-32-36,00-17-0d-00-00-b0-00-87,2,
1467794276,00-17-0d-00-00-60-03-82,00-17-0d-00-00-60-05-69,2,
1467822661,00-17-0d-00-00-60-3c-d9,00-17-0d-00-00-b0-00-cc,3,
1467835476,00-17-0d-00-00-b0-00-cc,00-17-0d-00-00-60-3c-d9,2,
1467855497,00-17-0d-00-00-60-3c-d9,00-17-0d-00-00-30-60-ef,3,
1467855648,00-17-0d-00-00-3f-fe-87,00-17-0d-00-00-58-32-36,3,
1467869942,00-17-0d-00-00-60-3c-d9,00-17-0d-00-00-30-60-ef,3,
1467877140,00-17-0d-00-00-60-3c-d9,00-17-0d-00-00-30-60-ef,3,
1467880344,00-17-0d-00-00-58-32-36,00-17-0d-00-00-60-05-ab,2,
1467893499,00-17-0d-00-00-60-3c-d9,00-17-0d-00-00-b0-00-cc,3,
1467898199,00-17-0d-00-00-60-3c-d9,00-17-0d-00-00-30-60-ef,3,
1467907252,00-17-0d-00-00-b0-00-87,00-17-0d-00-00-b0-00-aa,2,
1467908877,00-17-0d-00-00-60-05-78,00-17-0d-00-00-b0-00-cc,2,
1467917509,00-17-0d-00-00-3f-fe-87,00-17-0d-00-00-58-32-36,2,
1467918634,00-17-0d-00-00-b0-00-87,00-17-0d-00-00-b0-00-aa,2,
1467919131,00-17-0d-00-00-b0-00-87,00-17-0d-00-00-b0-00-aa,2,
1467921229,00-17-0d-00-00-60-3c-d9,00-17-0d-00-00-30-60-ef,3,
1467930149,00-17-0d-00-00-b0-00-87,00-17-0d-00-00-b0-00-aa,2,
1467931822,00-17-0d-00-00-60-06-27,00-17-0d-00-00-58-32-36,2,
1467936480,00-17-0d-00-00-b0-00-87,00-17-0d-00-00-b0-00-aa,2,
1467940521,00-17-0d-00-00-b0-00-87,00-17-0d-00-00-b0-00-aa,2,
1467946364,00-17-0d-00-00-60-05-78,00-17-0d-00-00-60-02-4b,2,
1467953100,00-17-0d-00-00-3f-f8-20,00-17-0d-00-00-58-32-36,2,
1467958994,00-17-0d-00-00-b0-00-87,00-17-0d-00-00-b0-00-aa,2,
1467960586,00-17-0d-00-00-60-02-1b,00-17-0d-00-00-58-32-36,2,
1467974816,00-17-0d-00-00-3f-fe-87,00-17-0d-00-00-58-32-36,2,
1467978593,00-17-0d-00-00-60-3c-d9,00-17-0d-00-00-30-60-ef,3,
1467987830,00-17-0d-00-00-b0-00-87,00-17-0d-00-00-b0-00-aa,2,
1467990430,00-17-0d-00-00-b0-00-87,00-17-0d-00-00-b0-00-aa,2,
1467991269,00-17-0d-00-00-60-3c-d9,00-17-0d-00-00-b0-00-cc,3,
1467994881,00-17-0d-00-00-b0-00-87,00-17-0d-00-00-b0-00-aa,2,
1467994944,00-17-0d-00-00-60-3c-d9,00-17-0d-00-00-b0-00-cc,3,
1467998424,00-17-0d-00-00-60-3c-d9,00-17-0d-00-00-b0-00-cc,3,
1468001486,00-17-0d-00-00-60-3c-d9,00-17-0d-00-00-b0-00-cc,3,
1468003968,00-17-0d-00-00-60-02-1b,00-17-0d-00-00-3f-fe-87,2,
1468004829,00-17-0d-00-00-b0-00-cc,00-17-0d-00-00-60-3c-d9,2,
1468011169,00-17-0d-00-00-3f-fe-87,00-17-0d-00-00-60-03-82,2,
1468013416,00-17-0d-00-00-b0-00-cc,00-17-0d-00-00-60-3c-d9,2,
1468014829,00-17-0d-00-00-60-3c-d9,00-17-0d-00-00-30-60-ef,3,
1468014880,00-17-0d-00-00-b0-00-87,00-17-0d-00-00-b0-00-aa,2,
1468017062,00-17-0d-00-00-b0-00-87,00-17-0d-00-00-b0-00-aa,2,
1468018369,00-17-0d-00-00-60-03-82,00-17-0d-00-00-58-32-36,2,
1468022828,00-17-0d-00-00-b0-00-87,00-17-0d-00-00-b0-00-aa,2,
1468029540,00-17-0d-00-00-b0-00-aa,00-17-0d-00-00-b0-00-87,3,
1468032768,00-17-0d-00-00-60-03-82,00-17-0d-00-00-3f-fe-87,2,
1468036295,00-17-0d-00-00-b0-00-87,00-17-0d-00-00-b0-00-aa,2,
1468041691,00-17-0d-00-00-b0-00-aa,00-17-0d-00-00-b0-00-87,3,
1468054369,00-17-0d-00-00-60-01-f8,00-17-0d-00-00-30-60-ef,2,
1468057896,00-17-0d-00-00-b0-00-87,00-17-0d-00-00-b0-00-aa,2,
1468061568,00-17-0d-00-00-60-03-82,00-17-0d-00-00-58-32-36,2,
1468063515,00-17-0d-00-00-60-3c-d9,00-17-0d-00-00-b0-00-cc,3,
1468072430,00-17-0d-00-00-60-3c-d9,00-17-0d-00-00-30-60-ef,3,
1468072431,00-17-0d-00-00-b0-00-aa,00-17-0d-00-00-60-05-ab,3,
1468075502,00-17-0d-00-00-b0-00-87,00-17-0d-00-00-b0-00-aa,2,
1468081075,00-17-0d-00-00-b0-00-cc,00-17-0d-00-00-60-3c-d9,2,
1468081484,00-17-0d-00-00-b0-00-87,00-17-0d-00-00-b0-00-aa,2,
1468089609,00-17-0d-00-00-b0-00-cc,00-17-0d-00-00-60-3c-d9,2,
1468093948,00-17-0d-00-00-60-3c-d9,00-17-0d-00-00-b0-00-cc,3,
1468108900,00-17-0d-00-00-b0-00-87,00-17-0d-00-00-b0-00-aa,2,
1468111257,00-17-0d-00-00-b0-00-87,00-17-0d-00-00-58-32-36,3,
1468111258,00-17-0d-00-00-60-06-27,00-17-0d-00-00-58-32-36,2,
1468111259,00-17-0d-00-00-60-05-5f,00-17-0d-00-00-58-32-36,2,
1468111262,00-17-0d-00-00-60-02-1b,00-17-0d-00-00-58-32-36,2,
1468111264,00-17-0d-00-00-60-02-4b,00-17-0d-00-00-58-32-36,2,
1468111266,00-17-0d-00-00-60-01-f8,00-17-0d-00-00-58-32-36,2,
1468111969,00-17-0d-00-00-60-05-78,00-17-0d-00-00-60-02-4b,2,
1468122830,00-17-0d-00-00-60-3c-d9,00-17-0d-00-00-30-60-ef,3,
1468124042,00-17-0d-00-00-b0-00-aa,00-17-0d-00-00-b0-00-87,3,
1468140769,00-17-0d-00-00-3f-f8-20,00-17-0d-00-00-60-03-82,2,
1468144430,00-17-0d-00-00-60-3c-d9,00-17-0d-00-00-30-60-ef,3,
1468147969,00-17-0d-00-00-60-05-78,00-17-0d-00-00-3f-fe-88,2,
1468151029,00-17-0d-00-00-b0-00-aa,00-17-0d-00-00-b0-00-87,3,
1468155169,00-17-0d-00-00-60-02-1b,00-17-0d-00-00-60-03-82,2,
1468163295,00-17-0d-00-00-60-3c-d9,00-17-0d-00-00-b0-00-cc,3,
1468165453,00-17-0d-00-00-b0-00-87,00-17-0d-00-00-b0-00-aa,2,
1468169569,00-17-0d-00-00-3f-f8-20,00-17-0d-00-00-58-32-36,2,
1468169588,00-17-0d-00-00-b0-00-87,00-17-0d-00-00-b0-00-aa,2,
1468173248,00-17-0d-00-00-b0-00-87,00-17-0d-00-00-b0-00-aa,2,
1468174090,00-17-0d-00-00-b0-00-cc,00-17-0d-00-00-60-3c-d9,2,
1468176768,00-17-0d-00-00-60-02-4b,00-17-0d-00-00-3f-fe-88,2,
1468180429,00-17-0d-00-00-60-3c-d9,00-17-0d-00-00-30-60-ef,3,
1468180660,00-17-0d-00-00-60-3c-d9,00-17-0d-00-00-b0-00-cc,3,
1468183319,00-17-0d-00-00-60-3c-d9,00-17-0d-00-00-b0-00-cc,3,
1468193501,00-17-0d-00-00-b0-00-87,00-17-0d-00-00-b0-00-aa,2,
1468194829,00-17-0d-00-00-60-3c-d9,00-17-0d-00-00-30-60-ef,3,
1468195598,00-17-0d-00-00-b0-00-87,00-17-0d-00-00-b0-00-aa,2,
1468198369,00-17-0d-00-00-3f-f8-20,00-17-0d-00-00-30-60-ef,2,
1468198595,00-17-0d-00-00-b0-00-87,00-17-0d-00-00-b0-00-aa,2,
1468202031,00-17-0d-00-00-60-3c-d9,00-17-0d-00-00-30-60-ef,3,
1468202350,00-17-0d-00-00-b0-00-87,00-17-0d-00-00-b0-00-aa,2,
1468209096,00-17-0d-00-00-b0-00-aa,00-17-0d-00-00-b0-00-87,3,
1468217196,00-17-0d-00-00-b0-00-aa,00-17-0d-00-00-b0-00-87,3,
1468219969,00-17-0d-00-00-60-02-1b,00-17-0d-00-00-3f-fe-87,2,
1468221838,00-17-0d-00-00-b0-00-87,00-17-0d-00-00-b0-00-aa,2,
1468230829,00-17-0d-00-00-60-3c-d9,00-17-0d-00-00-30-60-ef,3,
1468234370,00-17-0d-00-00-3f-f8-20,00-17-0d-00-00-30-60-ef,2,
1468241569,00-17-0d-00-00-60-06-27,00-17-0d-00-00-30-60-ef,2,
1468248769,00-17-0d-00-00-60-02-1b,00-17-0d-00-00-58-32-36,2,
1468249653,00-17-0d-00-00-b0-00-87,00-17-0d-00-00-b0-00-aa,2,
1468250993,00-17-0d-00-00-b0-00-87,00-17-0d-00-00-b0-00-aa,2,
1468254371,00-17-0d-00-00-b0-00-87,00-17-0d-00-00-b0-00-aa,2,
1468256670,00-17-0d-00-00-b0-00-87,00-17-0d-00-00-b0-00-aa,2,
1468256793,00-17-0d-00-00-60-3c-d9,00-17-0d-00-00-b0-00-cc,3,
1468258142,00-17-0d-00-00-b0-00-aa,00-17-0d-00-00-b0-00-87,3,
1468260809,00-17-0d-00-00-b0-00-87,00-17-0d-00-00-b0-00-aa,2,
1468261438,00-17-0d-00-00-b0-00-87,00-17-0d-00-00-b0-00-aa,2,
1468263170,00-17-0d-00-00-3f-f8-20,00-17-0d-00-00-58-32-36,2,
1468274031,00-17-0d-00-00-60-3c-d9,00-17-0d-00-00-30-60-ef,3,
1468277042,00-17-0d-00-00-b0-00-87,00-17-0d-00-00-b0-00-aa,2,
1468277569,00-17-0d-00-00-60-05-69,00-17-0d-00-00-60-03-82,2,
1468280236,00-17-0d-00-00-b0-00-87,00-17-0d-00-00-b0-00-aa,2,
1468281230,00-17-0d-00-00-60-3c-d9,00-17-0d-00-00-30-60-ef,3,
1468283040,00-17-0d-00-00-b0-00-87,00-17-0d-00-00-b0-00-aa,2,
1468291969,00-17-0d-00-00-38-0f-66,00-17-0d-00-00-60-03-82,2,
1468302830,00-17-0d-00-00-60-3c-d9,00-17-0d-00-00-30-60-ef,3,
1468306370,00-17-0d-00-00-38-0f-66,00-17-0d-00-00-58-32-36,2,
1468313570,00-17-0d-00-00-60-06-27,00-17-0d-00-00-60-03-82,2,
1468315751,00-17-0d-00-00-b0-00-aa,00-17-0d-00-00-b0-00-87,3,
1468320770,00-17-0d-00-00-3f-f8-20,00-17-0d-00-00-58-32-36,2,
1468323855,00-17-0d-00-00-b0-00-87,00-17-0d-00-00-b0-00-aa,2,
1468326662,00-17-0d-00-00-b0-00-87,00-17-0d-00-00-b0-00-aa,2,
1468327969,00-17-0d-00-00-3f-f8-20,00-17-0d-00-00-60-03-82,2,
1468341844,00-17-0d-00-00-b0-00-87,00-17-0d-00-00-b0-00-aa,2,
1468342858,00-17-0d-00-00-b0-00-87,00-17-0d-00-00-b0-00-aa,2,
1468356770,00-17-0d-00-00-38-0f-66,00-17-0d-00-00-58-32-36,2,
1468357419,00-17-0d-00-00-b0-00-87,00-17-0d-00-00-b0-00-aa,2,
1468360487,00-17-0d-00-00-b0-00-87,00-17-0d-00-00-b0-00-aa,2,
1468364192,00-17-0d-00-00-b0-00-87,00-17-0d-00-00-b0-00-aa,2,
1468365861,00-17-0d-00-00-b0-00-87,00-17-0d-00-00-b0-00-aa,2,
1468367630,00-17-0d-00-00-60-3c-d9,00-17-0d-00-00-30-60-ef,3,
1468367707,00-17-0d-00-00-b0-00-87,00-17-0d-00-00-b0-00-aa,2,
1468370638,00-17-0d-00-00-b0-00-aa,00-17-0d-00-00-b0-00-87,3,
1468372455,00-17-0d-00-00-b0-00-87,00-17-0d-00-00-b0-00-aa,2,
1468374243,00-17-0d-00-00-b0-00-87,00-17-0d-00-00-b0-00-aa,2,
1468374831,00-17-0d-00-00-60-3c-d9,00-17-0d-00-00-30-60-ef,3,
1468378807,00-17-0d-00-00-60-05-ab,00-17-0d-00-00-60-05-5f,2,
1468380558,00-17-0d-00-00-b0-00-87,00-17-0d-00-00-b0-00-aa,2,
1468382030,00-17-0d-00-00-60-3c-d9,00-17-0d-00-00-30-60-ef,3,
1468382643,00-17-0d-00-00-b0-00-87,00-17-0d-00-00-b0-00-aa,2,
1468385570,00-17-0d-00-00-60-05-69,00-17-0d-00-00-58-32-36,2,
1468385955,00-17-0d-00-00-b0-00-87,00-17-0d-00-00-b0-00-aa,2,
1468424917,00-17-0d-00-00-b0-00-87,00-17-0d-00-00-60-06-27,2,
1468428578,00-17-0d-00-00-60-3c-d9,00-17-0d-00-00-30-60-ef,3,
1468432117,00-17-0d-00-00-3f-f8-20,00-17-0d-00-00-3f-fe-87,2,
1468442981,00-17-0d-00-00-b0-00-aa,00-17-0d-00-00-58-32-36,3,
1468446518,00-17-0d-00-00-60-02-4b,00-17-0d-00-00-b0-00-cc,2,
1468464579,00-17-0d-00-00-60-3c-d9,00-17-0d-00-00-30-60-ef,3,
1468468118,00-17-0d-00-00-60-05-69,00-17-0d-00-00-3f-fe-87,2,
1468482519,00-17-0d-00-00-60-06-27,00-17-0d-00-00-3f-fe-87,2,
1468486179,00-17-0d-00-00-60-3c-d9,00-17-0d-00-00-30-60-ef,3,
1468489719,00-17-0d-00-00-60-01-f8,00-17-0d-00-00-3f-fe-87,2,
1468496918,00-17-0d-00-00-58-32-36,00-17-0d-00-00-60-05-ab,2,
1468511319,00-17-0d-00-00-60-02-1b,00-17-0d-00-00-3f-fe-87,2,
1468518519,00-17-0d-00-00-60-05-ab,00-17-0d-00-00-b0-00-cc,2,
1468561608,00-17-0d-00-00-b0-00-87,00-17-0d-00-00-58-32-36,2,
1468561613,00-17-0d-00-00-60-01-f8,00-17-0d-00-00-58-32-36,2,
1468561616,00-17-0d-00-00-38-0f-66,00-17-0d-00-00-58-32-36,2,
1468561621,00-17-0d-00-00-60-05-5f,00-17-0d-00-00-58-32-36,2,
1468561623,00-17-0d-00-00-60-03-82,00-17-0d-00-00-58-32-36,2,
1468572580,00-17-0d-00-00-60-3c-d9,00-17-0d-00-00-30-60-ef,3,
1468590519,00-17-0d-00-00-58-32-36,00-17-0d-00-00-38-0f-66,2,
1468594179,00-17-0d-00-00-60-3c-d9,00-17-0d-00-00-30-60-ef,3,
1468612119,00-17-0d-00-00-38-0f-66,00-17-0d-00-00-b0-00-87,2,
1468626519,00-17-0d-00-00-60-08-d5,00-17-0d-00-00-60-03-82,2,
1468640919,00-17-0d-00-00-38-0f-66,00-17-0d-00-00-58-32-36,2,
1468651780,00-17-0d-00-00-60-3c-d9,00-17-0d-00-00-30-60-ef,3,
1468655319,00-17-0d-00-00-38-0f-66,00-17-0d-00-00-b0-00-87,2,
1468680580,00-17-0d-00-00-60-3c-d9,00-17-0d-00-00-30-60-ef,3,
1468691319,00-17-0d-00-00-38-0f-66,00-17-0d-00-00-58-32-36,2,
1468716580,00-17-0d-00-00-60-3c-d9,00-17-0d-00-00-30-60-ef,3,
1468720119,00-17-0d-00-00-38-0f-66,00-17-0d-00-00-58-32-36,2,
1468741719,00-17-0d-00-00-38-0f-66,00-17-0d-00-00-b0-00-87,2,
1468777720,00-17-0d-00-00-38-0f-66,00-17-0d-00-00-b0-00-87,2,
1468781380,00-17-0d-00-00-60-3c-d9,00-17-0d-00-00-30-60-ef,3,
1468813720,00-17-0d-00-00-38-0f-66,00-17-0d-00-00-58-32-36,2,
1468842521,00-17-0d-00-00-38-0f-66,00-17-0d-00-00-b0-00-87,2,
1468846181,00-17-0d-00-00-60-3c-d9,00-17-0d-00-00-30-60-ef,3,
1468892920,00-17-0d-00-00-38-0f-66,00-17-0d-00-00-58-32-36,2,
1468900120,00-17-0d-00-00-60-03-82,00-17-0d-00-00-b0-00-87,2,
1468928920,00-17-0d-00-00-60-03-82,00-17-0d-00-00-60-08-d5,2,
1469036921,00-17-0d-00-00-38-0f-66,00-17-0d-00-00-b0-00-87,2,
1469051321,00-17-0d-00-00-38-0f-66,00-17-0d-00-00-58-32-36,2,
1469173722,00-17-0d-00-00-38-0f-66,00-17-0d-00-00-58-32-36,2,
1469212194,00-17-0d-00-00-b0-00-cc,00-17-0d-00-00-60-3c-d9,2,
1469222879,00-17-0d-00-00-60-3c-d9,00-17-0d-00-00-b0-00-cc,3,
1469252922,00-17-0d-00-00-38-0f-66,00-17-0d-00-00-b0-00-87,2,
1469294243,00-17-0d-00-00-60-3c-d9,00-17-0d-00-00-b0-00-cc,3,
1469317723,00-17-0d-00-00-38-0f-66,00-17-0d-00-00-58-32-36,2,
1469339323,00-17-0d-00-00-38-0f-66,00-17-0d-00-00-58-32-36,2,
1469361311,00-17-0d-00-00-60-3c-d9,00-17-0d-00-00-b0-00-cc,3,
1469404123,00-17-0d-00-00-38-0f-66,00-17-0d-00-00-58-32-36,2,
1469411323,00-17-0d-00-00-38-0f-66,00-17-0d-00-00-b0-00-87,2,
1469440122,00-17-0d-00-00-38-0f-66,00-17-0d-00-00-58-32-36,2,
1469469871,00-17-0d-00-00-60-3c-d9,00-17-0d-00-00-b0-00-cc,3,
1469612924,00-17-0d-00-00-3f-fe-87,00-17-0d-00-00-60-05-ab,2,
1469620124,00-17-0d-00-00-60-02-1b,00-17-0d-00-00-60-05-ab,2,
1469641724,00-17-0d-00-00-60-05-69,00-17-0d-00-00-60-08-d5,2,
1469648924,00-17-0d-00-00-60-05-ab,00-17-0d-00-00-30-60-ef,2,
1469661345,00-17-0d-00-00-3f-fe-88,00-17-0d-00-00-58-32-36,3,
1469670524,00-17-0d-00-00-58-32-36,00-17-0d-00-00-30-60-ef,2,
1469714981,00-17-0d-00-00-60-3c-d9,00-17-0d-00-00-b0-00-cc,3,
1469807181,00-17-0d-00-00-60-3c-d9,00-17-0d-00-00-b0-00-cc,3,
1469808891,00-17-0d-00-00-60-3c-d9,00-17-0d-00-00-b0-00-cc,3,
1469811425,00-17-0d-00-00-b0-00-cc,00-17-0d-00-00-60-3c-d9,2,
1469813084,00-17-0d-00-00-60-3c-d9,00-17-0d-00-00-b0-00-cc,3,
1469822164,00-17-0d-00-00-60-3c-d9,00-17-0d-00-00-b0-00-cc,3,
1469828925,00-17-0d-00-00-58-32-36,00-17-0d-00-00-60-02-1b,2,
1469836125,00-17-0d-00-00-58-32-36,00-17-0d-00-00-60-01-f8,2,
1469843325,00-17-0d-00-00-60-02-1b,00-17-0d-00-00-3f-fe-88,2,
1469857725,00-17-0d-00-00-60-01-f8,00-17-0d-00-00-3f-fe-87,2,
1469868587,00-17-0d-00-00-b0-00-aa,00-17-0d-00-00-60-05-ab,3,
1469872125,00-17-0d-00-00-3f-f8-20,00-17-0d-00-00-3f-fe-87,2,
1469888587,00-17-0d-00-00-b0-00-cc,00-17-0d-00-00-60-3c-d9,2,
1469890310,00-17-0d-00-00-60-3c-d9,00-17-0d-00-00-b0-00-cc,3,
1469893007,00-17-0d-00-00-b0-00-cc,00-17-0d-00-00-60-3c-d9,2,
1469894401,00-17-0d-00-00-60-3c-d9,00-17-0d-00-00-b0-00-cc,3,
1469987441,00-17-0d-00-00-60-3c-d9,00-17-0d-00-00-b0-00-cc,3,
1469988872,00-17-0d-00-00-60-3c-d9,00-17-0d-00-00-b0-00-cc,3,
1469990645,00-17-0d-00-00-60-3c-d9,00-17-0d-00-00-b0-00-cc,3,
1469994571,00-17-0d-00-00-b0-00-cc,00-17-0d-00-00-60-3c-d9,2,
1469998044,00-17-0d-00-00-60-3c-d9,00-17-0d-00-00-b0-00-cc,3,
1470001594,00-17-0d-00-00-60-3c-d9,00-17-0d-00-00-b0-00-cc,3,
1470007055,00-17-0d-00-00-60-3c-d9,00-17-0d-00-00-b0-00-cc,3,
1470009445,00-17-0d-00-00-b0-00-cc,00-17-0d-00-00-60-3c-d9,2,
1470012305,00-17-0d-00-00-60-3c-d9,00-17-0d-00-00-b0-00-cc,3,
1470013912,00-17-0d-00-00-60-3c-d9,00-17-0d-00-00-b0-00-cc,3,
1470035987,00-17-0d-00-00-60-3c-d9,00-17-0d-00-00-b0-00-cc,3,
1470041062,00-17-0d-00-00-60-3c-d9,00-17-0d-00-00-b0-00-cc,3,
1470051105,00-17-0d-00-00-60-3c-d9,00-17-0d-00-00-b0-00-cc,3,
1470056557,00-17-0d-00-00-60-3c-d9,00-17-0d-00-00-b0-00-cc,3,
1470060447,00-17-0d-00-00-60-3c-d9,00-17-0d-00-00-b0-00-cc,3,
1470064931,00-17-0d-00-00-60-3c-d9,00-17-0d-00-00-b0-00-cc,3,
1470066526,00-17-0d-00-00-60-05-ab,00-17-0d-00-00-3f-fe-87,2,
1470069167,00-17-0d-00-00-60-3c-d9,00-17-0d-00-00-b0-00-cc,3,
1470070189,00-17-0d-00-00-b0-00-aa,00-17-0d-00-00-60-05-ab,3,
1470071479,00-17-0d-00-00-60-3c-d9,00-17-0d-00-00-b0-00-cc,3,
1470073052,00-17-0d-00-00-60-3c-d9,00-17-0d-00-00-b0-00-cc,3,
1470074540,00-17-0d-00-00-60-3c-d9,00-17-0d-00-00-b0-00-cc,3,
1470075915,00-17-0d-00-00-60-3c-d9,00-17-0d-00-00-b0-00-cc,3,
1470079713,00-17-0d-00-00-60-3c-d9,00-17-0d-00-00-b0-00-cc,3,
1470085504,00-17-0d-00-00-60-3c-d9,00-17-0d-00-00-b0-00-cc,3,
1470088524,00-17-0d-00-00-60-3c-d9,00-17-0d-00-00-b0-00-cc,3,
1470091308,00-17-0d-00-00-60-3c-d9,00-17-0d-00-00-b0-00-cc,3,
1470126548,00-17-0d-00-00-60-3c-d9,00-17-0d-00-00-b0-00-cc,3,
1470140696,00-17-0d-00-00-b0-00-cc,00-17-0d-00-00-60-3c-d9,2,
1470153998,00-17-0d-00-00-60-3c-d9,00-17-0d-00-00-b0-00-cc,3,
1470155777,00-17-0d-00-00-60-3c-d9,00-17-0d-00-00-b0-00-cc,3,
1470161053,00-17-0d-00-00-60-3c-d9,00-17-0d-00-00-b0-00-cc,3,
1470166519,00-17-0d-00-00-60-3c-d9,00-17-0d-00-00-b0-00-cc,3,
1470194630,00-17-0d-00-00-b0-00-aa,00-17-0d-00-00-3f-fe-88,3,
1470221631,00-17-0d-00-00-b0-00-aa,00-17-0d-00-00-3f-fe-88,3,
1470224330,00-17-0d-00-00-b0-00-aa,00-17-0d-00-00-3f-fe-88,3,
1470231530,00-17-0d-00-00-b0-00-aa,00-17-0d-00-00-3f-fe-88,3,
1470239100,00-17-0d-00-00-60-3c-d9,00-17-0d-00-00-b0-00-cc,3,
1470239326,00-17-0d-00-00-60-08-d5,00-17-0d-00-00-b0-00-cc,2,
1470264587,00-17-0d-00-00-60-3c-d9,00-17-0d-00-00-30-60-ef,3,
1470282526,00-17-0d-00-00-60-01-f8,00-17-0d-00-00-58-32-36,2,
1470303533,00-17-0d-00-00-b0-00-aa,00-17-0d-00-00-3f-fe-88,3,
1470304126,00-17-0d-00-00-60-01-f8,00-17-0d-00-00-58-32-36,2,
1470381836,00-17-0d-00-00-b0-00-aa,00-17-0d-00-00-3f-fe-88,3,
1470383327,00-17-0d-00-00-60-01-f8,00-17-0d-00-00-b0-00-87,2,
1470412760,00-17-0d-00-00-b0-00-cc,00-17-0d-00-00-60-3c-d9,2,
1470484127,00-17-0d-00-00-30-60-ef,00-17-0d-00-00-60-08-d5,2,
1470491327,00-17-0d-00-00-60-02-4b,00-17-0d-00-00-30-60-ef,2,
1470498527,00-17-0d-00-00-60-08-d5,00-17-0d-00-00-30-60-ef,2,
1470558798,00-17-0d-00-00-60-05-69,00-17-0d-00-00-b0-00-87,2,
1470569662,00-17-0d-00-00-b0-00-aa,00-17-0d-00-00-60-05-ab,3,
1470576656,00-17-0d-00-00-b0-00-aa,00-17-0d-00-00-30-60-ef,3,
1470582629,00-17-0d-00-00-30-60-ef,00-17-0d-00-00-b0-00-aa,2,
1470587598,00-17-0d-00-00-b0-00-aa,00-17-0d-00-00-30-60-ef,3,
1470589169,00-17-0d-00-00-b0-00-cc,00-17-0d-00-00-60-3c-d9,2,
1470591262,00-17-0d-00-00-b0-00-aa,00-17-0d-00-00-60-06-27,3,
1470595268,00-17-0d-00-00-30-60-ef,00-17-0d-00-00-b0-00-aa,2,
1470609198,00-17-0d-00-00-38-0f-66,00-17-0d-00-00-3f-fe-88,2,
1470620062,00-17-0d-00-00-b0-00-aa,00-17-0d-00-00-60-05-ab,3,
1470630799,00-17-0d-00-00-60-05-ab,00-17-0d-00-00-3f-fe-87,2,
1470641877,00-17-0d-00-00-b0-00-aa,00-17-0d-00-00-60-06-27,3,
1470666799,00-17-0d-00-00-3f-fe-87,00-17-0d-00-00-b0-00-87,2,
1470667488,00-17-0d-00-00-b0-00-aa,00-17-0d-00-00-30-60-ef,3,
1470668840,00-17-0d-00-00-b0-00-aa,00-17-0d-00-00-30-60-ef,3,
1470669777,00-17-0d-00-00-30-60-ef,00-17-0d-00-00-b0-00-aa,2,
1470673432,00-17-0d-00-00-30-60-ef,00-17-0d-00-00-b0-00-aa,2,
1470674089,00-17-0d-00-00-b0-00-aa,00-17-0d-00-00-30-60-ef,3,
1470674762,00-17-0d-00-00-b0-00-aa,00-17-0d-00-00-30-60-ef,3,
1470677771,00-17-0d-00-00-b0-00-87,00-17-0d-00-00-b0-00-aa,2,
1470679644,00-17-0d-00-00-60-3c-d9,00-17-0d-00-00-b0-00-cc,3,
1470679869,00-17-0d-00-00-b0-00-aa,00-17-0d-00-00-30-60-ef,3,
1470682077,00-17-0d-00-00-b0-00-aa,00-17-0d-00-00-30-60-ef,3,
1470683357,00-17-0d-00-00-b0-00-aa,00-17-0d-00-00-30-60-ef,3,
1470685103,00-17-0d-00-00-b0-00-aa,00-17-0d-00-00-30-60-ef,3,
1470685702,00-17-0d-00-00-30-60-ef,00-17-0d-00-00-b0-00-aa,2,
1470686738,00-17-0d-00-00-b0-00-aa,00-17-0d-00-00-30-60-ef,3,
1470688298,00-17-0d-00-00-b0-00-aa,00-17-0d-00-00-30-60-ef,3,
1470688517,00-17-0d-00-00-b0-00-aa,00-17-0d-00-00-30-60-ef,3,
1470689489,00-17-0d-00-00-30-60-ef,00-17-0d-00-00-b0-00-aa,2,
1470691689,00-17-0d-00-00-b0-00-aa,00-17-0d-00-00-30-60-ef,3,
1470692462,00-17-0d-00-00-b0-00-87,00-17-0d-00-00-b0-00-aa,2,
1470702586,00-17-0d-00-00-60-3c-d9,00-17-0d-00-00-b0-00-cc,3,
1470720146,00-17-0d-00-00-30-60-ef,00-17-0d-00-00-b0-00-aa,2,
1470723711,00-17-0d-00-00-b0-00-aa,00-17-0d-00-00-30-60-ef,3,
1470725781,00-17-0d-00-00-b0-00-aa,00-17-0d-00-00-30-60-ef,3,
1470738661,00-17-0d-00-00-30-60-ef,00-17-0d-00-00-b0-00-aa,2,
1470749669,00-17-0d-00-00-b0-00-87,00-17-0d-00-00-b0-00-aa,2,
1470757106,00-17-0d-00-00-b0-00-aa,00-17-0d-00-00-30-60-ef,3,
1470760660,00-17-0d-00-00-b0-00-aa,00-17-0d-00-00-30-60-ef,3,
1470768986,00-17-0d-00-00-b0-00-aa,00-17-0d-00-00-30-60-ef,3,
1470770439,00-17-0d-00-00-b0-00-aa,00-17-0d-00-00-30-60-ef,3,
1470771261,00-17-0d-00-00-b0-00-aa,00-17-0d-00-00-60-06-27,3,
1470772757,00-17-0d-00-00-30-60-ef,00-17-0d-00-00-b0-00-aa,2,
1470774824,00-17-0d-00-00-b0-00-aa,00-17-0d-00-00-30-60-ef,3,
1470778314,00-17-0d-00-00-b0-00-aa,00-17-0d-00-00-30-60-ef,3,
1470780642,00-17-0d-00-00-30-60-ef,00-17-0d-00-00-b0-00-aa,2,
1470793085,00-17-0d-00-00-b0-00-aa,00-17-0d-00-00-60-06-27,3,
1470807705,00-17-0d-00-00-b0-00-aa,00-17-0d-00-00-60-06-27,3,
1470841622,00-17-0d-00-00-60-3c-d9,00-17-0d-00-00-b0-00-cc,3,
1470850362,00-17-0d-00-00-b0-00-aa,00-17-0d-00-00-30-60-ef,3,
1470851339,00-17-0d-00-00-b0-00-87,00-17-0d-00-00-b0-00-aa,2,
1470855207,00-17-0d-00-00-b0-00-aa,00-17-0d-00-00-b0-00-87,3,
1470857525,00-17-0d-00-00-60-05-78,00-17-0d-00-00-58-32-36,2,
1470859507,00-17-0d-00-00-b0-00-87,00-17-0d-00-00-b0-00-aa,2,
1470864725,00-17-0d-00-00-30-60-ef,00-17-0d-00-00-60-05-ab,2,
1470869361,00-17-0d-00-00-b0-00-87,00-17-0d-00-00-b0-00-aa,2,
1470871925,00-17-0d-00-00-60-02-1b,00-17-0d-00-00-3f-fe-87,2,
1470875541,00-17-0d-00-00-b0-00-87,00-17-0d-00-00-b0-00-aa,2,
1470877743,00-17-0d-00-00-b0-00-87,00-17-0d-00-00-b0-00-aa,2,
1470879125,00-17-0d-00-00-38-0f-66,00-17-0d-00-00-60-06-27,2,
1470884576,00-17-0d-00-00-b0-00-87,00-17-0d-00-00-b0-00-aa,2,
1470886325,00-17-0d-00-00-60-01-f8,00-17-0d-00-00-60-02-4b,2,
1470891228,00-17-0d-00-00-b0-00-87,00-17-0d-00-00-b0-00-aa,2,
1470900725,00-17-0d-00-00-60-01-f8,00-17-0d-00-00-60-06-27,2,
1470908907,00-17-0d-00-00-b0-00-87,00-17-0d-00-00-b0-00-aa,2,
1470915125,00-17-0d-00-00-60-05-ab,00-17-0d-00-00-60-05-69,2,
1470915893,00-17-0d-00-00-b0-00-87,00-17-0d-00-00-b0-00-aa,2,
1470922325,00-17-0d-00-00-60-05-78,00-17-0d-00-00-60-02-4b,2,
1470939728,00-17-0d-00-00-b0-00-87,00-17-0d-00-00-b0-00-aa,2,
1470950144,00-17-0d-00-00-b0-00-aa,00-17-0d-00-00-b0-00-87,3,
1470951465,00-17-0d-00-00-b0-00-87,00-17-0d-00-00-b0-00-aa,2,
1470953926,00-17-0d-00-00-b0-00-87,00-17-0d-00-00-b0-00-aa,2,
1470958279,00-17-0d-00-00-b0-00-87,00-17-0d-00-00-b0-00-aa,2,
1470965899,00-17-0d-00-00-b0-00-87,00-17-0d-00-00-b0-00-aa,2,
1470980442,00-17-0d-00-00-b0-00-87,00-17-0d-00-00-b0-00-aa,2,
1471005959,00-17-0d-00-00-b0-00-87,00-17-0d-00-00-b0-00-aa,2,
1471010478,00-17-0d-00-00-b0-00-87,00-17-0d-00-00-b0-00-aa,2,
1471015257,00-17-0d-00-00-b0-00-87,00-17-0d-00-00-b0-00-aa,2,
1471015925,00-17-0d-00-00-60-06-27,00-17-0d-00-00-60-05-5f,2,
1471017538,00-17-0d-00-00-b0-00-87,00-17-0d-00-00-b0-00-aa,2,
1471021328,00-17-0d-00-00-b0-00-87,00-17-0d-00-00-b0-00-aa,2,
1471028001,00-17-0d-00-00-b0-00-87,00-17-0d-00-00-b0-00-aa,2,
1471036535,00-17-0d-00-00-b0-00-87,00-17-0d-00-00-b0-00-aa,2,
1471038928,00-17-0d-00-00-b0-00-87,00-17-0d-00-00-b0-00-aa,2,
1471040640,00-17-0d-00-00-b0-00-87,00-17-0d-00-00-b0-00-aa,2,
1471052408,00-17-0d-00-00-b0-00-87,00-17-0d-00-00-b0-00-aa,2,
1471056342,00-17-0d-00-00-b0-00-87,00-17-0d-00-00-b0-00-aa,2,
1471072318,00-17-0d-00-00-b0-00-87,00-17-0d-00-00-b0-00-aa,2,
1471077793,00-17-0d-00-00-b0-00-87,00-17-0d-00-00-b0-00-aa,2,
1471083361,00-17-0d-00-00-b0-00-87,00-17-0d-00-00-b0-00-aa,2,
1471088251,00-17-0d-00-00-b0-00-87,00-17-0d-00-00-b0-00-aa,2,
1471098311,00-17-0d-00-00-b0-00-aa,00-17-0d-00-00-b0-00-87,3,
1471099026,00-17-0d-00-00-b0-00-87,00-17-0d-00-00-b0-00-aa,2,
1471102225,00-17-0d-00-00-60-3c-d9,00-17-0d-00-00-b0-00-cc,3,
1471102685,00-17-0d-00-00-b0-00-87,00-17-0d-00-00-b0-00-aa,2,
1471106929,00-17-0d-00-00-b0-00-cc,00-17-0d-00-00-60-3c-d9,2,
1471107358,00-17-0d-00-00-b0-00-87,00-17-0d-00-00-b0-00-aa,2,
1471113105,00-17-0d-00-00-b0-00-87,00-17-0d-00-00-b0-00-aa,2,
1471118134,00-17-0d-00-00-b0-00-87,00-17-0d-00-00-b0-00-aa,2,
1471126554,00-17-0d-00-00-b0-00-87,00-17-0d-00-00-b0-00-aa,2,
1471127904,00-17-0d-00-00-b0-00-87,00-17-0d-00-00-b0-00-aa,2,
1471135668,00-17-0d-00-00-b0-00-87,00-17-0d-00-00-b0-00-aa,2,
1471141161,00-17-0d-00-00-b0-00-87,00-17-0d-00-00-b0-00-aa,2,
1471172927,00-17-0d-00-00-b0-00-aa,00-17-0d-00-00-b0-00-87,3,
1471177581,00-17-0d-00-00-b0-00-87,00-17-0d-00-00-b0-00-aa,2,
1471181239,00-17-0d-00-00-b0-00-87,00-17-0d-00-00-b0-00-aa,2,
1471185536,00-17-0d-00-00-b0-00-87,00-17-0d-00-00-b0-00-aa,2,
1471192687,00-17-0d-00-00-b0-00-87,00-17-0d-00-00-b0-00-aa,2,
1471198485,00-17-0d-00-00-b0-00-87,00-17-0d-00-00-b0-00-aa,2,
1471202187,00-17-0d-00-00-b0-00-87,00-17-0d-00-00-b0-00-aa,2,
1471206206,00-17-0d-00-00-b0-00-87,00-17-0d-00-00-b0-00-aa,2,
1471208904,00-17-0d-00-00-b0-00-aa,00-17-0d-00-00-b0-00-87,3,
1471210718,00-17-0d-00-00-b0-00-87,00-17-0d-00-00-b0-00-aa,2,
1471217088,00-17-0d-00-00-b0-00-aa,00-17-0d-00-00-b0-00-87,3,
1471217154,00-17-0d-00-00-b0-00-aa,00-17-0d-00-00-b0-00-87,3,
1471225557,00-17-0d-00-00-b0-00-87,00-17-0d-00-00-b0-00-aa,2,
1471229157,00-17-0d-00-00-b0-00-87,00-17-0d-00-00-b0-00-aa,2,
1471231971,00-17-0d-00-00-b0-00-87,00-17-0d-00-00-b0-00-aa,2,
1471235915,00-17-0d-00-00-b0-00-87,00-17-0d-00-00-b0-00-aa,2,
1471240634,00-17-0d-00-00-b0-00-87,00-17-0d-00-00-b0-00-aa,2,
1471248053,00-17-0d-00-00-b0-00-87,00-17-0d-00-00-b0-00-aa,2,
1471250759,00-17-0d-00-00-b0-00-87,00-17-0d-00-00-b0-00-aa,2,
1471253659,00-17-0d-00-00-b0-00-87,00-17-0d-00-00-b0-00-aa,2,
1471255806,00-17-0d-00-00-b0-00-87,00-17-0d-00-00-b0-00-aa,2,
1471261666,00-17-0d-00-00-b0-00-87,00-17-0d-00-00-b0-00-aa,2,
1471264258,00-17-0d-00-00-b0-00-87,00-17-0d-00-00-b0-00-aa,2,
1471264414,00-17-0d-00-00-b0-00-cc,00-17-0d-00-00-60-3c-d9,2,
1471266367,00-17-0d-00-00-60-3c-d9,00-17-0d-00-00-b0-00-cc,3,
1471267332,00-17-0d-00-00-b0-00-87,00-17-0d-00-00-b0-00-aa,2,
1471268316,00-17-0d-00-00-b0-00-87,00-17-0d-00-00-b0-00-aa,2,
1471269668,00-17-0d-00-00-b0-00-87,00-17-0d-00-00-b0-00-aa,2,
1471272363,00-17-0d-00-00-b0-00-aa,00-17-0d-00-00-b0-00-87,3,
1471274089,00-17-0d-00-00-60-3c-d9,00-17-0d-00-00-b0-00-cc,3,
1471275401,00-17-0d-00-00-b0-00-87,00-17-0d-00-00-b0-00-aa,2,
1471279099,00-17-0d-00-00-60-3c-d9,00-17-0d-00-00-b0-00-cc,3,
1471280629,00-17-0d-00-00-60-3c-d9,00-17-0d-00-00-b0-00-cc,3,
1471280697,00-17-0d-00-00-b0-00-87,00-17-0d-00-00-b0-00-aa,2,
1471282162,00-17-0d-00-00-60-3c-d9,00-17-0d-00-00-b0-00-cc,3,
1471287369,00-17-0d-00-00-b0-00-cc,00-17-0d-00-00-60-3c-d9,2,
1471289160,00-17-0d-00-00-b0-00-87,00-17-0d-00-00-b0-00-aa,2,
1471289526,00-17-0d-00-00-60-05-ab,00-17-0d-00-00-60-05-69,2,
1471295537,00-17-0d-00-00-b0-00-87,00-17-0d-00-00-b0-00-aa,2,
1471298274,00-17-0d-00-00-b0-00-87,00-17-0d-00-00-b0-00-aa,2,
1471313221,00-17-0d-00-00-b0-00-87,00-17-0d-00-00-b0-00-aa,2,
1471315491,00-17-0d-00-00-3f-fe-88,00-17-0d-00-00-58-32-36,3,
1471331991,00-17-0d-00-00-b0-00-87,00-17-0d-00-00-b0-00-aa,2,
1471336604,00-17-0d-00-00-58-32-36,00-17-0d-00-00-b0-00-aa,2,
1471337058,00-17-0d-00-00-b0-00-87,00-17-0d-00-00-b0-00-aa,2,
1471343370,00-17-0d-00-00-b0-00-87,00-17-0d-00-00-b0-00-aa,2,
1471351711,00-17-0d-00-00-b0-00-87,00-17-0d-00-00-b0-00-aa,2,
1471353510,00-17-0d-00-00-b0-00-87,00-17-0d-00-00-b0-00-aa,2,
1471357410,00-17-0d-00-00-b0-00-87,00-17-0d-00-00-b0-00-aa,2,
1471358559,00-17-0d-00-00-b0-00-87,00-17-0d-00-00-b0-00-aa,2,
1471361457,00-17-0d-00-00-b0-00-aa,00-17-0d-00-00-b0-00-87,3,
1471366465,00-17-0d-00-00-b0-00-aa,00-17-0d-00-00-b0-00-87,3,
1471368209,00-17-0d-00-00-b0-00-aa,00-17-0d-00-00-b0-00-87,3,
1471368726,00-17-0d-00-00-60-05-ab,00-17-0d-00-00-60-05-69,2,
1471372262,00-17-0d-00-00-b0-00-87,00-17-0d-00-00-b0-00-aa,2,
1471373218,00-17-0d-00-00-b0-00-87,00-17-0d-00-00-b0-00-aa,2,
1471375926,00-17-0d-00-00-58-32-36,00-17-0d-00-00-3f-fe-87,2,
1471376359,00-17-0d-00-00-b0-00-87,00-17-0d-00-00-b0-00-aa,2,
1471378071,00-17-0d-00-00-60-3c-d9,00-17-0d-00-00-b0-00-cc,3,
1471379284,00-17-0d-00-00-b0-00-cc,00-17-0d-00-00-60-3c-d9,2,
1471383126,00-17-0d-00-00-60-05-ab,00-17-0d-00-00-60-05-69,2,
1471383323,00-17-0d-00-00-b0-00-aa,00-17-0d-00-00-b0-00-87,3,
1471385758,00-17-0d-00-00-b0-00-aa,00-17-0d-00-00-b0-00-87,3,
1471388031,00-17-0d-00-00-b0-00-87,00-17-0d-00-00-b0-00-aa,2,
1471397924,00-17-0d-00-00-b0-00-87,00-17-0d-00-00-b0-00-aa,2,
1471399189,00-17-0d-00-00-b0-00-87,00-17-0d-00-00-b0-00-aa,2,
1471402855,00-17-0d-00-00-b0-00-87,00-17-0d-00-00-b0-00-aa,2,
1471435378,00-17-0d-00-00-b0-00-87,00-17-0d-00-00-b0-00-aa,2,
1471438768,00-17-0d-00-00-b0-00-87,00-17-0d-00-00-b0-00-aa,2,
1471439623,00-17-0d-00-00-b0-00-87,00-17-0d-00-00-b0-00-aa,2,
1471442914,00-17-0d-00-00-b0-00-87,00-17-0d-00-00-b0-00-aa,2,
1471453245,00-17-0d-00-00-60-3c-d9,00-17-0d-00-00-b0-00-cc,3,
1471453406,00-17-0d-00-00-b0-00-87,00-17-0d-00-00-b0-00-aa,2,
1471454774,00-17-0d-00-00-60-3c-d9,00-17-0d-00-00-b0-00-cc,3,
1471455325,00-17-0d-00-00-b0-00-87,00-17-0d-00-00-b0-00-aa,2,
1471461478,00-17-0d-00-00-b0-00-87,00-17-0d-00-00-b0-00-aa,2,
1471462072,00-17-0d-00-00-b0-00-87,00-17-0d-00-00-b0-00-aa,2,
1471465694,00-17-0d-00-00-b0-00-87,00-17-0d-00-00-b0-00-aa,2,
1471471516,00-17-0d-00-00-b0-00-87,00-17-0d-00-00-b0-00-aa,2,
1471512805,00-17-0d-00-00-60-3c-d9,00-17-0d-00-00-b0-00-cc,3,
1471521972,00-17-0d-00-00-b0-00-87,00-17-0d-00-00-b0-00-aa,2,
1471536336,00-17-0d-00-00-b0-00-87,00-17-0d-00-00-b0-00-aa,2,
1471542396,00-17-0d-00-00-b0-00-87,00-17-0d-00-00-b0-00-aa,2,
1471547612,00-17-0d-00-00-b0-00-87,00-17-0d-00-00-b0-00-aa,2,
1471553807,00-17-0d-00-00-b0-00-87,00-17-0d-00-00-b0-00-aa,2,
1471557706,00-17-0d-00-00-b0-00-87,00-17-0d-00-00-b0-00-aa,2,
1471609241,00-17-0d-00-00-b0-00-87,00-17-0d-00-00-b0-00-aa,2,
1471612538,00-17-0d-00-00-b0-00-87,00-17-0d-00-00-b0-00-aa,2,
1471617026,00-17-0d-00-00-b0-00-87,00-17-0d-00-00-b0-00-aa,2,
1471618208,00-17-0d-00-00-b0-00-87,00-17-0d-00-00-b0-00-aa,2,
1471620770,00-17-0d-00-00-b0-00-87,00-17-0d-00-00-b0-00-aa,2,
1471621820,00-17-0d-00-00-b0-00-87,00-17-0d-00-00-b0-00-aa,2,
1471625202,00-17-0d-00-00-b0-00-87,00-17-0d-00-00-b0-00-aa,2,
1471627465,00-17-0d-00-00-b0-00-87,00-17-0d-00-00-b0-00-aa,2,
1471630597,00-17-0d-00-00-b0-00-87,00-17-0d-00-00-b0-00-aa,2,
1471633221,00-17-0d-00-00-b0-00-87,00-17-0d-00-00-b0-00-aa,2,
1471635126,00-17-0d-00-00-60-05-69,00-17-0d-00-00-b0-00-cc,2,
1471638531,00-17-0d-00-00-b0-00-87,00-17-0d-00-00-b0-00-aa,2,
1471642363,00-17-0d-00-00-b0-00-87,00-17-0d-00-00-b0-00-aa,2,
1471648277,00-17-0d-00-00-b0-00-87,00-17-0d-00-00-b0-00-aa,2,
1471653117,00-17-0d-00-00-60-3c-d9,00-17-0d-00-00-b0-00-cc,3,
1471669243,00-17-0d-00-00-60-3c-d9,00-17-0d-00-00-b0-00-cc,3,
1471680846,00-17-0d-00-00-60-3c-d9,00-17-0d-00-00-b0-00-cc,3,
1471683671,00-17-0d-00-00-b0-00-cc,00-17-0d-00-00-60-3c-d9,2,
1471694327,00-17-0d-00-00-b0-00-87,00-17-0d-00-00-b0-00-aa,2,
1471697204,00-17-0d-00-00-b0-00-87,00-17-0d-00-00-b0-00-aa,2,
1471700710,00-17-0d-00-00-b0-00-87,00-17-0d-00-00-b0-00-aa,2,
1471707927,00-17-0d-00-00-b0-00-87,00-17-0d-00-00-b0-00-aa,2,
1471710331,00-17-0d-00-00-b0-00-87,00-17-0d-00-00-b0-00-aa,2,
1471722319,00-17-0d-00-00-b0-00-87,00-17-0d-00-00-b0-00-aa,2,
1471723107,00-17-0d-00-00-60-3c-d9,00-17-0d-00-00-b0-00-cc,3,
1471761785,00-17-0d-00-00-60-3c-d9,00-17-0d-00-00-b0-00-cc,3,
1471764727,00-17-0d-00-00-60-05-ab,00-17-0d-00-00-60-05-69,2,
1471765010,00-17-0d-00-00-60-3c-d9,00-17-0d-00-00-b0-00-cc,3,
1471766628,00-17-0d-00-00-b0-00-cc,00-17-0d-00-00-60-3c-d9,2,
1471786426,00-17-0d-00-00-b0-00-87,00-17-0d-00-00-b0-00-aa,2,
1471788739,00-17-0d-00-00-b0-00-87,00-17-0d-00-00-b0-00-aa,2,
1471791368,00-17-0d-00-00-b0-00-87,00-17-0d-00-00-b0-00-aa,2,
1471794631,00-17-0d-00-00-b0-00-87,00-17-0d-00-00-b0-00-aa,2,
1471797831,00-17-0d-00-00-b0-00-87,00-17-0d-00-00-b0-00-aa,2,
1471802058,00-17-0d-00-00-b0-00-87,00-17-0d-00-00-b0-00-aa,2,
1471806860,00-17-0d-00-00-b0-00-87,00-17-0d-00-00-b0-00-aa,2,
1471810235,00-17-0d-00-00-b0-00-87,00-17-0d-00-00-b0-00-aa,2,
1471841360,00-17-0d-00-00-60-3c-d9,00-17-0d-00-00-b0-00-cc,3,
1471853415,00-17-0d-00-00-60-3c-d9,00-17-0d-00-00-b0-00-cc,3,
1471866545,00-17-0d-00-00-b0-00-cc,00-17-0d-00-00-60-3c-d9,2,
1471872276,00-17-0d-00-00-b0-00-87,00-17-0d-00-00-b0-00-aa,2,
1471874219,00-17-0d-00-00-b0-00-87,00-17-0d-00-00-b0-00-aa,2,
1471876166,00-17-0d-00-00-b0-00-87,00-17-0d-00-00-b0-00-aa,2,
1471882577,00-17-0d-00-00-b0-00-87,00-17-0d-00-00-b0-00-aa,2,
1471890187,00-17-0d-00-00-60-3c-d9,00-17-0d-00-00-b0-00-cc,3,
1471891976,00-17-0d-00-00-b0-00-87,00-17-0d-00-00-b0-00-aa,2,
1471894327,00-17-0d-00-00-60-05-ab,00-17-0d-00-00-60-05-69,2,
1471894943,00-17-0d-00-00-b0-00-87,00-17-0d-00-00-b0-00-aa,2,
1471895184,00-17-0d-00-00-b0-00-87,00-17-0d-00-00-b0-00-aa,2,
1471898154,00-17-0d-00-00-b0-00-87,00-17-0d-00-00-b0-00-aa,2,
1471904673,00-17-0d-00-00-b0-00-87,00-17-0d-00-00-b0-00-aa,2,
1471908727,00-17-0d-00-00-60-05-ab,00-17-0d-00-00-30-60-ef,2,
1471925581,00-17-0d-00-00-60-3c-d9,00-17-0d-00-00-b0-00-cc,3,
1471927244,00-17-0d-00-00-60-3c-d9,00-17-0d-00-00-b0-00-cc,3,
1471931110,00-17-0d-00-00-60-3c-d9,00-17-0d-00-00-b0-00-cc,3,
1471934726,00-17-0d-00-00-60-3c-d9,00-17-0d-00-00-b0-00-cc,3,
1471940744,00-17-0d-00-00-60-3c-d9,00-17-0d-00-00-b0-00-cc,3,
1471942191,00-17-0d-00-00-60-3c-d9,00-17-0d-00-00-b0-00-cc,3,
1471949647,00-17-0d-00-00-60-3c-d9,00-17-0d-00-00-b0-00-cc,3,
1471955164,00-17-0d-00-00-60-3c-d9,00-17-0d-00-00-b0-00-cc,3,
1471956927,00-17-0d-00-00-b0-00-87,00-17-0d-00-00-b0-00-aa,2,
1471957016,00-17-0d-00-00-60-3c-d9,00-17-0d-00-00-b0-00-cc,3,
1471958297,00-17-0d-00-00-60-3c-d9,00-17-0d-00-00-b0-00-cc,3,
1471958363,00-17-0d-00-00-b0-00-87,00-17-0d-00-00-b0-00-aa,2,
1471961094,00-17-0d-00-00-b0-00-87,00-17-0d-00-00-b0-00-aa,2,
1471961507,00-17-0d-00-00-b0-00-cc,00-17-0d-00-00-60-3c-d9,2,
1471962930,00-17-0d-00-00-60-3c-d9,00-17-0d-00-00-b0-00-cc,3,
1471963907,00-17-0d-00-00-b0-00-87,00-17-0d-00-00-b0-00-aa,2,
1471965045,00-17-0d-00-00-60-3c-d9,00-17-0d-00-00-b0-00-cc,3,
1471966570,00-17-0d-00-00-b0-00-cc,00-17-0d-00-00-60-3c-d9,2,
1471969484,00-17-0d-00-00-60-3c-d9,00-17-0d-00-00-b0-00-cc,3,
1471969546,00-17-0d-00-00-60-3c-d9,00-17-0d-00-00-b0-00-cc,3,
1471972217,00-17-0d-00-00-60-3c-d9,00-17-0d-00-00-b0-00-cc,3,
1471978429,00-17-0d-00-00-b0-00-87,00-17-0d-00-00-b0-00-aa,2,
1471980395,00-17-0d-00-00-60-3c-d9,00-17-0d-00-00-b0-00-cc,3,
1471980728,00-17-0d-00-00-60-05-ab,00-17-0d-00-00-60-05-69,2,
1472040416,00-17-0d-00-00-b0-00-87,00-17-0d-00-00-b0-00-aa,2,
1472044209,00-17-0d-00-00-b0-00-87,00-17-0d-00-00-b0-00-aa,2,
1472048859,00-17-0d-00-00-b0-00-87,00-17-0d-00-00-b0-00-aa,2,
1472050343,00-17-0d-00-00-b0-00-87,00-17-0d-00-00-b0-00-aa,2,
1472052106,00-17-0d-00-00-60-3c-d9,00-17-0d-00-00-b0-00-cc,3,
1472052778,00-17-0d-00-00-b0-00-87,00-17-0d-00-00-b0-00-aa,2,
1472058083,00-17-0d-00-00-b0-00-87,00-17-0d-00-00-b0-00-aa,2,
1472064831,00-17-0d-00-00-b0-00-87,00-17-0d-00-00-b0-00-aa,2,
1472065078,00-17-0d-00-00-b0-00-87,00-17-0d-00-00-b0-00-aa,2,
1472130738,00-17-0d-00-00-b0-00-87,00-17-0d-00-00-b0-00-aa,2,
1472133761,00-17-0d-00-00-b0-00-87,00-17-0d-00-00-b0-00-aa,2,
1472135286,00-17-0d-00-00-b0-00-87,00-17-0d-00-00-b0-00-aa,2,
1472139128,00-17-0d-00-00-60-05-ab,00-17-0d-00-00-60-05-69,2,
1472140444,00-17-0d-00-00-b0-00-87,00-17-0d-00-00-b0-00-aa,2,
1472141695,00-17-0d-00-00-b0-00-87,00-17-0d-00-00-b0-00-aa,2,
1472143380,00-17-0d-00-00-b0-00-87,00-17-0d-00-00-b0-00-aa,2,
1472145834,00-17-0d-00-00-b0-00-87,00-17-0d-00-00-b0-00-aa,2,
1472164307,00-17-0d-00-00-b0-00-87,00-17-0d-00-00-b0-00-aa,2,
1472168591,00-17-0d-00-00-b0-00-87,00-17-0d-00-00-b0-00-aa,2,
1472170352,00-17-0d-00-00-b0-00-87,00-17-0d-00-00-b0-00-aa,2,
1472172054,00-17-0d-00-00-b0-00-87,00-17-0d-00-00-b0-00-aa,2,
1472172143,00-17-0d-00-00-b0-00-87,00-17-0d-00-00-b0-00-aa,2,
1472208891,00-17-0d-00-00-60-3c-d9,00-17-0d-00-00-b0-00-cc,3,
1472210598,00-17-0d-00-00-60-3c-d9,00-17-0d-00-00-b0-00-cc,3,
1472215338,00-17-0d-00-00-b0-00-87,00-17-0d-00-00-b0-00-aa,2,
1472218857,00-17-0d-00-00-b0-00-87,00-17-0d-00-00-b0-00-aa,2,
1472229337,00-17-0d-00-00-b0-00-87,00-17-0d-00-00-b0-00-aa,2,
1472230679,00-17-0d-00-00-b0-00-87,00-17-0d-00-00-b0-00-aa,2,
1472231781,00-17-0d-00-00-b0-00-87,00-17-0d-00-00-b0-00-aa,2,
1472234887,00-17-0d-00-00-b0-00-87,00-17-0d-00-00-b0-00-aa,2,
1472237581,00-17-0d-00-00-b0-00-87,00-17-0d-00-00-b0-00-aa,2,
1472239289,00-17-0d-00-00-b0-00-87,00-17-0d-00-00-b0-00-aa,2,
1472246359,00-17-0d-00-00-b0-00-87,00-17-0d-00-00-b0-00-aa,2,
1472246405,00-17-0d-00-00-60-05-ab,00-17-0d-00-00-60-05-69,2,
1472257013,00-17-0d-00-00-b0-00-87,00-17-0d-00-00-b0-00-aa,2,
1472318405,00-17-0d-00-00-3f-fe-87,00-17-0d-00-00-38-0f-66,2,
1472323426,00-17-0d-00-00-b0-00-87,00-17-0d-00-00-b0-00-aa,2,
1472332805,00-17-0d-00-00-60-05-ab,00-17-0d-00-00-60-05-69,2,
1472338032,00-17-0d-00-00-b0-00-87,00-17-0d-00-00-b0-00-aa,2,
1472343124,00-17-0d-00-00-b0-00-87,00-17-0d-00-00-b0-00-aa,2,
1472368806,00-17-0d-00-00-60-05-ab,00-17-0d-00-00-30-60-ef,2,
1472405494,00-17-0d-00-00-b0-00-87,00-17-0d-00-00-b0-00-aa,2,
1472412801,00-17-0d-00-00-b0-00-87,00-17-0d-00-00-b0-00-aa,2,
1472414252,00-17-0d-00-00-b0-00-87,00-17-0d-00-00-b0-00-aa,2,
1472415283,00-17-0d-00-00-b0-00-87,00-17-0d-00-00-b0-00-aa,2,
1472416321,00-17-0d-00-00-b0-00-87,00-17-0d-00-00-b0-00-aa,2,
1472421258,00-17-0d-00-00-b0-00-87,00-17-0d-00-00-b0-00-aa,2,
1472422386,00-17-0d-00-00-b0-00-87,00-17-0d-00-00-b0-00-aa,2,
1472487646,00-17-0d-00-00-b0-00-87,00-17-0d-00-00-b0-00-aa,2,
1472494040,00-17-0d-00-00-b0-00-87,00-17-0d-00-00-b0-00-aa,2,
1472494864,00-17-0d-00-00-b0-00-87,00-17-0d-00-00-b0-00-aa,2,
1472496696,00-17-0d-00-00-b0-00-87,00-17-0d-00-00-b0-00-aa,2,
1472500620,00-17-0d-00-00-b0-00-87,00-17-0d-00-00-b0-00-aa,2,
1472502436,00-17-0d-00-00-b0-00-87,00-17-0d-00-00-b0-00-aa,2,
1472507407,00-17-0d-00-00-b0-00-87,00-17-0d-00-00-b0-00-aa,2,
1472509967,00-17-0d-00-00-b0-00-87,00-17-0d-00-00-b0-00-aa,2,
1472572000,00-17-0d-00-00-b0-00-87,00-17-0d-00-00-b0-00-aa,2,
1472575297,00-17-0d-00-00-b0-00-87,00-17-0d-00-00-b0-00-aa,2,
1472577690,00-17-0d-00-00-b0-00-87,00-17-0d-00-00-b0-00-aa,2,
1472581663,00-17-0d-00-00-b0-00-87,00-17-0d-00-00-b0-00-aa,2,
1472583440,00-17-0d-00-00-b0-00-87,00-17-0d-00-00-b0-00-aa,2,
1472585674,00-17-0d-00-00-b0-00-87,00-17-0d-00-00-b0-00-aa,2,
1472588606,00-17-0d-00-00-b0-00-87,00-17-0d-00-00-b0-00-aa,2,
1472592424,00-17-0d-00-00-b0-00-87,00-17-0d-00-00-b0-00-aa,2,
1472596573,00-17-0d-00-00-b0-00-87,00-17-0d-00-00-b0-00-aa,2,
1472597001,00-17-0d-00-00-b0-00-87,00-17-0d-00-00-b0-00-aa,2,
1472671014,00-17-0d-00-00-b0-00-87,00-17-0d-00-00-b0-00-aa,2,
1472678498,00-17-0d-00-00-b0-00-87,00-17-0d-00-00-b0-00-aa,2,
1472923208,00-17-0d-00-00-60-05-ab,00-17-0d-00-00-60-05-69,2,
1473074409,00-17-0d-00-00-60-06-27,00-17-0d-00-00-38-0f-66,2,
1473083548,00-17-0d-00-00-60-3c-d9,00-17-0d-00-00-b0-00-cc,3,
1473087214,00-17-0d-00-00-60-3c-d9,00-17-0d-00-00-b0-00-cc,3,
1473259566,00-17-0d-00-00-60-3c-d9,00-17-0d-00-00-b0-00-cc,3,
1473284458,00-17-0d-00-00-60-3c-d9,00-17-0d-00-00-b0-00-cc,3,
1473332352,00-17-0d-00-00-60-3c-d9,00-17-0d-00-00-b0-00-cc,3,
1473336117,00-17-0d-00-00-60-3c-d9,00-17-0d-00-00-b0-00-cc,3,
1473338346,00-17-0d-00-00-30-60-ef,00-17-0d-00-00-58-32-36,3,
1473338347,00-17-0d-00-00-3f-fe-87,00-17-0d-00-00-58-32-36,2,
1473338351,00-17-0d-00-00-b0-00-aa,00-17-0d-00-00-58-32-36,3,
1473338622,00-17-0d-00-00-60-03-82,00-17-0d-00-00-58-32-36,3,
1473339519,00-17-0d-00-00-3f-fe-88,00-17-0d-00-00-58-32-36,3,
1473339521,00-17-0d-00-00-b0-00-87,00-17-0d-00-00-58-32-36,3,
1473506410,00-17-0d-00-00-3f-fe-87,00-17-0d-00-00-60-05-ab,2,
1473612039,00-17-0d-00-00-60-3c-d9,00-17-0d-00-00-b0-00-cc,3,
1473689643,00-17-0d-00-00-b0-00-cc,00-17-0d-00-00-60-3c-d9,2,
1473695538,00-17-0d-00-00-b0-00-cc,00-17-0d-00-00-60-3c-d9,2,
1473696898,00-17-0d-00-00-60-3c-d9,00-17-0d-00-00-b0-00-cc,3,
1473698452,00-17-0d-00-00-60-3c-d9,00-17-0d-00-00-b0-00-cc,3,
1473702945,00-17-0d-00-00-60-3c-d9,00-17-0d-00-00-b0-00-cc,3,
1473762456,00-17-0d-00-00-60-3c-d9,00-17-0d-00-00-b0-00-cc,3,
1473770099,00-17-0d-00-00-60-3c-d9,00-17-0d-00-00-b0-00-cc,3,
1473782690,00-17-0d-00-00-60-3c-d9,00-17-0d-00-00-b0-00-cc,3,
1473784694,00-17-0d-00-00-60-3c-d9,00-17-0d-00-00-b0-00-cc,3,
1473816011,00-17-0d-00-00-3f-fe-87,00-17-0d-00-00-60-05-ab,2,
1473818136,00-17-0d-00-00-60-3c-d9,00-17-0d-00-00-b0-00-cc,3,
1473822387,00-17-0d-00-00-b0-00-cc,00-17-0d-00-00-60-3c-d9,2,
1473826039,00-17-0d-00-00-60-3c-d9,00-17-0d-00-00-b0-00-cc,3,
1473828051,00-17-0d-00-00-60-3c-d9,00-17-0d-00-00-b0-00-cc,3,
1473830529,00-17-0d-00-00-60-3c-d9,00-17-0d-00-00-b0-00-cc,3,
1473835435,00-17-0d-00-00-60-3c-d9,00-17-0d-00-00-b0-00-cc,3,
1473837636,00-17-0d-00-00-60-3c-d9,00-17-0d-00-00-b0-00-cc,3,
1473841076,00-17-0d-00-00-60-3c-d9,00-17-0d-00-00-b0-00-cc,3,
1473842802,00-17-0d-00-00-60-3c-d9,00-17-0d-00-00-b0-00-cc,3,
1473845591,00-17-0d-00-00-60-3c-d9,00-17-0d-00-00-b0-00-cc,3,
1473850179,00-17-0d-00-00-b0-00-cc,00-17-0d-00-00-60-3c-d9,2,
1473853068,00-17-0d-00-00-60-3c-d9,00-17-0d-00-00-b0-00-cc,3,
1473855694,00-17-0d-00-00-b0-00-cc,00-17-0d-00-00-60-3c-d9,2,
1473857833,00-17-0d-00-00-b0-00-cc,00-17-0d-00-00-60-3c-d9,2,
1473860234,00-17-0d-00-00-60-3c-d9,00-17-0d-00-00-b0-00-cc,3,
1473862976,00-17-0d-00-00-60-3c-d9,00-17-0d-00-00-b0-00-cc,3,
1473864541,00-17-0d-00-00-60-3c-d9,00-17-0d-00-00-b0-00-cc,3,
1473867165,00-17-0d-00-00-60-3c-d9,00-17-0d-00-00-b0-00-cc,3,
1473870116,00-17-0d-00-00-60-3c-d9,00-17-0d-00-00-b0-00-cc,3,
1473872995,00-17-0d-00-00-b0-00-cc,00-17-0d-00-00-60-3c-d9,2,
1473875080,00-17-0d-00-00-60-3c-d9,00-17-0d-00-00-b0-00-cc,3,
1473877847,00-17-0d-00-00-b0-00-cc,00-17-0d-00-00-60-3c-d9,2,
1473895212,00-17-0d-00-00-60-06-27,00-17-0d-00-00-60-05-5f,2,
1473909612,00-17-0d-00-00-3f-fe-87,00-17-0d-00-00-60-05-ab,2,
1473939024,00-17-0d-00-00-b0-00-cc,00-17-0d-00-00-60-3c-d9,2,
1473958215,00-17-0d-00-00-60-3c-d9,00-17-0d-00-00-b0-00-cc,3,
1474003212,00-17-0d-00-00-3f-fe-87,00-17-0d-00-00-60-05-ab,2,
1474011622,00-17-0d-00-00-b0-00-cc,00-17-0d-00-00-60-3c-d9,2,
1474013859,00-17-0d-00-00-60-3c-d9,00-17-0d-00-00-b0-00-cc,3,
1474015616,00-17-0d-00-00-60-3c-d9,00-17-0d-00-00-b0-00-cc,3,
1474019463,00-17-0d-00-00-60-3c-d9,00-17-0d-00-00-b0-00-cc,3,
1474023702,00-17-0d-00-00-b0-00-cc,00-17-0d-00-00-60-3c-d9,2,
1474025627,00-17-0d-00-00-60-3c-d9,00-17-0d-00-00-b0-00-cc,3,
1474027969,00-17-0d-00-00-60-3c-d9,00-17-0d-00-00-b0-00-cc,3,
1474032388,00-17-0d-00-00-60-3c-d9,00-17-0d-00-00-b0-00-cc,3,
1474034862,00-17-0d-00-00-b0-00-cc,00-17-0d-00-00-60-3c-d9,2,
1474039252,00-17-0d-00-00-b0-00-cc,00-17-0d-00-00-60-3c-d9,2,
1474211477,00-17-0d-00-00-60-3c-d9,00-17-0d-00-00-b0-00-cc,3,
1474222102,00-17-0d-00-00-60-3c-d9,00-17-0d-00-00-b0-00-cc,3,
1474224739,00-17-0d-00-00-60-3c-d9,00-17-0d-00-00-b0-00-cc,3,
1474226310,00-17-0d-00-00-60-3c-d9,00-17-0d-00-00-b0-00-cc,3,
1474227451,00-17-0d-00-00-60-3c-d9,00-17-0d-00-00-b0-00-cc,3,
1474230926,00-17-0d-00-00-60-3c-d9,00-17-0d-00-00-b0-00-cc,3,
1474234693,00-17-0d-00-00-60-3c-d9,00-17-0d-00-00-b0-00-cc,3,
1474238109,00-17-0d-00-00-60-3c-d9,00-17-0d-00-00-b0-00-cc,3,
1474243280,00-17-0d-00-00-60-3c-d9,00-17-0d-00-00-b0-00-cc,3,
1474247606,00-17-0d-00-00-60-3c-d9,00-17-0d-00-00-b0-00-cc,3,
1474248013,00-17-0d-00-00-60-01-f8,00-17-0d-00-00-b0-00-87,2,
1474254423,00-17-0d-00-00-60-3c-d9,00-17-0d-00-00-b0-00-cc,3,
1474258903,00-17-0d-00-00-60-3c-d9,00-17-0d-00-00-b0-00-cc,3,
1474261229,00-17-0d-00-00-60-3c-d9,00-17-0d-00-00-b0-00-cc,3,
1474263293,00-17-0d-00-00-60-3c-d9,00-17-0d-00-00-b0-00-cc,3,
1474267181,00-17-0d-00-00-60-3c-d9,00-17-0d-00-00-b0-00-cc,3,
1474275301,00-17-0d-00-00-60-3c-d9,00-17-0d-00-00-b0-00-cc,3,
1474277479,00-17-0d-00-00-b0-00-cc,00-17-0d-00-00-60-3c-d9,2,
1474278742,00-17-0d-00-00-60-3c-d9,00-17-0d-00-00-b0-00-cc,3,
1474281623,00-17-0d-00-00-60-3c-d9,00-17-0d-00-00-b0-00-cc,3,
1474284142,00-17-0d-00-00-60-3c-d9,00-17-0d-00-00-b0-00-cc,3,
1474289108,00-17-0d-00-00-b0-00-cc,00-17-0d-00-00-60-3c-d9,2,
1474291056,00-17-0d-00-00-60-3c-d9,00-17-0d-00-00-b0-00-cc,3,
1474292427,00-17-0d-00-00-b0-00-cc,00-17-0d-00-00-60-3c-d9,2,
1474293839,00-17-0d-00-00-60-3c-d9,00-17-0d-00-00-b0-00-cc,3,
1474296718,00-17-0d-00-00-b0-00-cc,00-17-0d-00-00-60-3c-d9,2,
1474299183,00-17-0d-00-00-b0-00-cc,00-17-0d-00-00-60-3c-d9,2,
1474303156,00-17-0d-00-00-b0-00-cc,00-17-0d-00-00-60-3c-d9,2,
1474304507,00-17-0d-00-00-60-3c-d9,00-17-0d-00-00-b0-00-cc,3,
1474307146,00-17-0d-00-00-b0-00-cc,00-17-0d-00-00-60-3c-d9,2,
1474308565,00-17-0d-00-00-60-3c-d9,00-17-0d-00-00-b0-00-cc,3,
1474311200,00-17-0d-00-00-60-3c-d9,00-17-0d-00-00-b0-00-cc,3,
1474312748,00-17-0d-00-00-60-3c-d9,00-17-0d-00-00-b0-00-cc,3,
1474314061,00-17-0d-00-00-60-3c-d9,00-17-0d-00-00-b0-00-cc,3,
1474316728,00-17-0d-00-00-60-3c-d9,00-17-0d-00-00-b0-00-cc,3,
1474318530,00-17-0d-00-00-b0-00-cc,00-17-0d-00-00-60-3c-d9,2,
1474321036,00-17-0d-00-00-60-3c-d9,00-17-0d-00-00-b0-00-cc,3,
1474322830,00-17-0d-00-00-60-3c-d9,00-17-0d-00-00-b0-00-cc,3,
1474326886,00-17-0d-00-00-b0-00-cc,00-17-0d-00-00-60-3c-d9,2,
1474334082,00-17-0d-00-00-60-3c-d9,00-17-0d-00-00-b0-00-cc,3,
1474338197,00-17-0d-00-00-b0-00-cc,00-17-0d-00-00-60-3c-d9,2,
1474357860,00-17-0d-00-00-60-3c-d9,00-17-0d-00-00-b0-00-cc,3,
1474373171,00-17-0d-00-00-60-3c-d9,00-17-0d-00-00-b0-00-cc,3,
1474376490,00-17-0d-00-00-b0-00-cc,00-17-0d-00-00-60-3c-d9,2,
1474378692,00-17-0d-00-00-60-3c-d9,00-17-0d-00-00-b0-00-cc,3,
1474380886,00-17-0d-00-00-60-3c-d9,00-17-0d-00-00-b0-00-cc,3,
1474385342,00-17-0d-00-00-60-3c-d9,00-17-0d-00-00-b0-00-cc,3,
1474387619,00-17-0d-00-00-60-3c-d9,00-17-0d-00-00-b0-00-cc,3,
1474389445,00-17-0d-00-00-60-3c-d9,00-17-0d-00-00-b0-00-cc,3,
1474392146,00-17-0d-00-00-60-3c-d9,00-17-0d-00-00-b0-00-cc,3,
1474396196,00-17-0d-00-00-60-3c-d9,00-17-0d-00-00-b0-00-cc,3,
1474397636,00-17-0d-00-00-60-3c-d9,00-17-0d-00-00-b0-00-cc,3,
1474398896,00-17-0d-00-00-60-3c-d9,00-17-0d-00-00-b0-00-cc,3,
1474400507,00-17-0d-00-00-60-3c-d9,00-17-0d-00-00-b0-00-cc,3,
1474402875,00-17-0d-00-00-b0-00-aa,00-17-0d-00-00-60-01-f8,3,
1474402980,00-17-0d-00-00-b0-00-cc,00-17-0d-00-00-60-3c-d9,2,
1474404426,00-17-0d-00-00-60-3c-d9,00-17-0d-00-00-b0-00-cc,3,
1474406125,00-17-0d-00-00-b0-00-cc,00-17-0d-00-00-60-3c-d9,2,
1474407913,00-17-0d-00-00-b0-00-cc,00-17-0d-00-00-60-3c-d9,2,
1474411464,00-17-0d-00-00-60-3c-d9,00-17-0d-00-00-b0-00-cc,3,
1474453554,00-17-0d-00-00-60-3c-d9,00-17-0d-00-00-b0-00-cc,3,
1474457262,00-17-0d-00-00-60-3c-d9,00-17-0d-00-00-b0-00-cc,3,
1474459648,00-17-0d-00-00-60-3c-d9,00-17-0d-00-00-b0-00-cc,3,
1474461025,00-17-0d-00-00-b0-00-cc,00-17-0d-00-00-60-3c-d9,2,
1474462577,00-17-0d-00-00-60-3c-d9,00-17-0d-00-00-b0-00-cc,3,
1474466398,00-17-0d-00-00-60-3c-d9,00-17-0d-00-00-b0-00-cc,3,
1474469098,00-17-0d-00-00-60-3c-d9,00-17-0d-00-00-b0-00-cc,3,
1474473148,00-17-0d-00-00-60-3c-d9,00-17-0d-00-00-b0-00-cc,3,
1474474498,00-17-0d-00-00-60-3c-d9,00-17-0d-00-00-b0-00-cc,3,
1474475884,00-17-0d-00-00-60-3c-d9,00-17-0d-00-00-b0-00-cc,3,
1474477198,00-17-0d-00-00-60-3c-d9,00-17-0d-00-00-b0-00-cc,3,
1474481248,00-17-0d-00-00-60-3c-d9,00-17-0d-00-00-b0-00-cc,3,
1474489744,00-17-0d-00-00-60-3c-d9,00-17-0d-00-00-b0-00-cc,3,
1474490949,00-17-0d-00-00-b0-00-cc,00-17-0d-00-00-60-3c-d9,2,
1474492165,00-17-0d-00-00-b0-00-cc,00-17-0d-00-00-60-3c-d9,2,
1474501197,00-17-0d-00-00-60-3c-d9,00-17-0d-00-00-b0-00-cc,3,
1474502849,00-17-0d-00-00-60-3c-d9,00-17-0d-00-00-b0-00-cc,3,
1474504199,00-17-0d-00-00-60-3c-d9,00-17-0d-00-00-b0-00-cc,3,
1474505549,00-17-0d-00-00-60-3c-d9,00-17-0d-00-00-b0-00-cc,3,
1474511017,00-17-0d-00-00-b0-00-cc,00-17-0d-00-00-60-3c-d9,2,
1474513912,00-17-0d-00-00-b0-00-cc,00-17-0d-00-00-60-3c-d9,2,
1474519183,00-17-0d-00-00-60-3c-d9,00-17-0d-00-00-b0-00-cc,3,
1474520551,00-17-0d-00-00-60-3c-d9,00-17-0d-00-00-b0-00-cc,3,
1474525800,00-17-0d-00-00-60-3c-d9,00-17-0d-00-00-b0-00-cc,3,
1474528500,00-17-0d-00-00-60-3c-d9,00-17-0d-00-00-b0-00-cc,3,
1474532550,00-17-0d-00-00-60-3c-d9,00-17-0d-00-00-b0-00-cc,3,
1474537950,00-17-0d-00-00-60-3c-d9,00-17-0d-00-00-b0-00-cc,3,
1474540698,00-17-0d-00-00-60-3c-d9,00-17-0d-00-00-b0-00-cc,3,
1474544700,00-17-0d-00-00-60-3c-d9,00-17-0d-00-00-b0-00-cc,3,
1474548751,00-17-0d-00-00-60-3c-d9,00-17-0d-00-00-b0-00-cc,3,
1474550101,00-17-0d-00-00-60-3c-d9,00-17-0d-00-00-b0-00-cc,3,
1474552801,00-17-0d-00-00-60-3c-d9,00-17-0d-00-00-b0-00-cc,3,
1474556851,00-17-0d-00-00-60-3c-d9,00-17-0d-00-00-b0-00-cc,3,
1474563601,00-17-0d-00-00-60-3c-d9,00-17-0d-00-00-b0-00-cc,3,
1474565051,00-17-0d-00-00-60-3c-d9,00-17-0d-00-00-b0-00-cc,3,
1474567693,00-17-0d-00-00-b0-00-cc,00-17-0d-00-00-60-3c-d9,2,
1474569001,00-17-0d-00-00-60-3c-d9,00-17-0d-00-00-b0-00-cc,3,
1474571778,00-17-0d-00-00-60-3c-d9,00-17-0d-00-00-b0-00-cc,3,
1474573051,00-17-0d-00-00-60-3c-d9,00-17-0d-00-00-b0-00-cc,3,
1474574589,00-17-0d-00-00-60-3c-d9,00-17-0d-00-00-b0-00-cc,3,
1474577101,00-17-0d-00-00-60-3c-d9,00-17-0d-00-00-b0-00-cc,3,
1474578451,00-17-0d-00-00-60-3c-d9,00-17-0d-00-00-b0-00-cc,3,
1474581151,00-17-0d-00-00-60-3c-d9,00-17-0d-00-00-b0-00-cc,3,
1474582501,00-17-0d-00-00-60-3c-d9,00-17-0d-00-00-b0-00-cc,3,
1474585201,00-17-0d-00-00-60-3c-d9,00-17-0d-00-00-b0-00-cc,3,
1474587902,00-17-0d-00-00-60-3c-d9,00-17-0d-00-00-b0-00-cc,3,
1474597352,00-17-0d-00-00-60-3c-d9,00-17-0d-00-00-b0-00-cc,3,
1474612202,00-17-0d-00-00-60-3c-d9,00-17-0d-00-00-b0-00-cc,3,
1474624353,00-17-0d-00-00-60-3c-d9,00-17-0d-00-00-b0-00-cc,3,
1474625703,00-17-0d-00-00-b0-00-cc,00-17-0d-00-00-60-3c-d9,2,
1474627053,00-17-0d-00-00-60-3c-d9,00-17-0d-00-00-b0-00-cc,3,
1474635153,00-17-0d-00-00-60-3c-d9,00-17-0d-00-00-b0-00-cc,3,
1474639203,00-17-0d-00-00-60-3c-d9,00-17-0d-00-00-b0-00-cc,3,
1474641903,00-17-0d-00-00-60-3c-d9,00-17-0d-00-00-b0-00-cc,3,
1474652704,00-17-0d-00-00-60-3c-d9,00-17-0d-00-00-b0-00-cc,3,
1474655404,00-17-0d-00-00-60-3c-d9,00-17-0d-00-00-b0-00-cc,3,
1474656754,00-17-0d-00-00-60-3c-d9,00-17-0d-00-00-b0-00-cc,3,
1474659454,00-17-0d-00-00-60-3c-d9,00-17-0d-00-00-b0-00-cc,3,
1474671601,00-17-0d-00-00-60-3c-d9,00-17-0d-00-00-b0-00-cc,3,
1474675649,00-17-0d-00-00-60-3c-d9,00-17-0d-00-00-b0-00-cc,3,
1474677004,00-17-0d-00-00-60-3c-d9,00-17-0d-00-00-b0-00-cc,3,
1474683754,00-17-0d-00-00-60-3c-d9,00-17-0d-00-00-b0-00-cc,3,
1474686455,00-17-0d-00-00-60-3c-d9,00-17-0d-00-00-b0-00-cc,3,
1474687214,00-17-0d-00-00-3f-fe-87,00-17-0d-00-00-60-05-ab,2,
1474687215,00-17-0d-00-00-60-05-78,00-17-0d-00-00-38-0f-66,2,
1474690505,00-17-0d-00-00-60-3c-d9,00-17-0d-00-00-b0-00-cc,3,
1474694555,00-17-0d-00-00-60-3c-d9,00-17-0d-00-00-b0-00-cc,3,
1474695955,00-17-0d-00-00-60-3c-d9,00-17-0d-00-00-b0-00-cc,3,
1474698605,00-17-0d-00-00-60-3c-d9,00-17-0d-00-00-b0-00-cc,3,
1474699955,00-17-0d-00-00-60-3c-d9,00-17-0d-00-00-b0-00-cc,3,
1474701305,00-17-0d-00-00-b0-00-cc,00-17-0d-00-00-60-3c-d9,2,
1474702655,00-17-0d-00-00-60-3c-d9,00-17-0d-00-00-b0-00-cc,3,
1474705355,00-17-0d-00-00-60-3c-d9,00-17-0d-00-00-b0-00-cc,3,
1474706705,00-17-0d-00-00-60-3c-d9,00-17-0d-00-00-b0-00-cc,3,
1474708055,00-17-0d-00-00-60-3c-d9,00-17-0d-00-00-b0-00-cc,3,
1474709406,00-17-0d-00-00-60-3c-d9,00-17-0d-00-00-b0-00-cc,3,
1474713456,00-17-0d-00-00-60-3c-d9,00-17-0d-00-00-b0-00-cc,3,
1474720206,00-17-0d-00-00-60-3c-d9,00-17-0d-00-00-b0-00-cc,3,
1474725605,00-17-0d-00-00-60-3c-d9,00-17-0d-00-00-b0-00-cc,3,
1474728306,00-17-0d-00-00-60-3c-d9,00-17-0d-00-00-b0-00-cc,3,
1474732356,00-17-0d-00-00-60-3c-d9,00-17-0d-00-00-b0-00-cc,3,
1474733706,00-17-0d-00-00-b0-00-cc,00-17-0d-00-00-60-3c-d9,2,
1474735056,00-17-0d-00-00-60-3c-d9,00-17-0d-00-00-b0-00-cc,3,
1474736406,00-17-0d-00-00-60-3c-d9,00-17-0d-00-00-b0-00-cc,3,
1474740457,00-17-0d-00-00-60-3c-d9,00-17-0d-00-00-b0-00-cc,3,
1474747207,00-17-0d-00-00-60-3c-d9,00-17-0d-00-00-b0-00-cc,3,
1474748556,00-17-0d-00-00-60-3c-d9,00-17-0d-00-00-b0-00-cc,3,
1474749906,00-17-0d-00-00-60-3c-d9,00-17-0d-00-00-b0-00-cc,3,
1474751257,00-17-0d-00-00-60-3c-d9,00-17-0d-00-00-b0-00-cc,3,
1474755307,00-17-0d-00-00-60-3c-d9,00-17-0d-00-00-b0-00-cc,3,
1474758007,00-17-0d-00-00-60-3c-d9,00-17-0d-00-00-b0-00-cc,3,
1474759215,00-17-0d-00-00-60-02-4b,00-17-0d-00-00-30-60-ef,2,
1474760707,00-17-0d-00-00-60-3c-d9,00-17-0d-00-00-b0-00-cc,3,
1474762057,00-17-0d-00-00-60-3c-d9,00-17-0d-00-00-b0-00-cc,3,
1474764757,00-17-0d-00-00-60-3c-d9,00-17-0d-00-00-b0-00-cc,3,
1474767457,00-17-0d-00-00-60-3c-d9,00-17-0d-00-00-b0-00-cc,3,
1474770157,00-17-0d-00-00-60-3c-d9,00-17-0d-00-00-b0-00-cc,3,
1474771507,00-17-0d-00-00-60-3c-d9,00-17-0d-00-00-b0-00-cc,3,
1474776907,00-17-0d-00-00-60-3c-d9,00-17-0d-00-00-b0-00-cc,3,
1474778258,00-17-0d-00-00-60-3c-d9,00-17-0d-00-00-b0-00-cc,3,
1474779607,00-17-0d-00-00-60-3c-d9,00-17-0d-00-00-b0-00-cc,3,
1474780815,00-17-0d-00-00-60-02-4b,00-17-0d-00-00-60-05-78,2,
1474780958,00-17-0d-00-00-60-3c-d9,00-17-0d-00-00-b0-00-cc,3,
1474782308,00-17-0d-00-00-60-3c-d9,00-17-0d-00-00-b0-00-cc,3,
1474785008,00-17-0d-00-00-60-3c-d9,00-17-0d-00-00-b0-00-cc,3,
1474787708,00-17-0d-00-00-60-3c-d9,00-17-0d-00-00-b0-00-cc,3,
1474788015,00-17-0d-00-00-38-0f-66,00-17-0d-00-00-60-05-78,2,
1474790407,00-17-0d-00-00-60-3c-d9,00-17-0d-00-00-b0-00-cc,3,
1474791758,00-17-0d-00-00-60-3c-d9,00-17-0d-00-00-b0-00-cc,3,
1474794458,00-17-0d-00-00-60-3c-d9,00-17-0d-00-00-b0-00-cc,3,
1474795215,00-17-0d-00-00-60-05-78,00-17-0d-00-00-60-05-ab,2,
1474795808,00-17-0d-00-00-60-3c-d9,00-17-0d-00-00-b0-00-cc,3,
1474797158,00-17-0d-00-00-60-3c-d9,00-17-0d-00-00-b0-00-cc,3,
1474799858,00-17-0d-00-00-60-3c-d9,00-17-0d-00-00-b0-00-cc,3,
1474802559,00-17-0d-00-00-60-3c-d9,00-17-0d-00-00-b0-00-cc,3,
1474805259,00-17-0d-00-00-60-3c-d9,00-17-0d-00-00-b0-00-cc,3,
1474806608,00-17-0d-00-00-60-3c-d9,00-17-0d-00-00-b0-00-cc,3,
1474807958,00-17-0d-00-00-60-3c-d9,00-17-0d-00-00-b0-00-cc,3,
1474809615,00-17-0d-00-00-3f-f8-20,00-17-0d-00-00-60-06-27,2,
1474810658,00-17-0d-00-00-60-3c-d9,00-17-0d-00-00-b0-00-cc,3,
1474812009,00-17-0d-00-00-60-3c-d9,00-17-0d-00-00-b0-00-cc,3,
1474814708,00-17-0d-00-00-60-3c-d9,00-17-0d-00-00-b0-00-cc,3,
1474816059,00-17-0d-00-00-60-3c-d9,00-17-0d-00-00-b0-00-cc,3,
1474817408,00-17-0d-00-00-60-3c-d9,00-17-0d-00-00-b0-00-cc,3,
1474820109,00-17-0d-00-00-60-3c-d9,00-17-0d-00-00-b0-00-cc,3,
1474821458,00-17-0d-00-00-60-3c-d9,00-17-0d-00-00-b0-00-cc,3,
1474822809,00-17-0d-00-00-60-3c-d9,00-17-0d-00-00-b0-00-cc,3,
1474824158,00-17-0d-00-00-60-3c-d9,00-17-0d-00-00-b0-00-cc,3,
1474826859,00-17-0d-00-00-60-3c-d9,00-17-0d-00-00-b0-00-cc,3,
1474828209,00-17-0d-00-00-60-3c-d9,00-17-0d-00-00-b0-00-cc,3,
1474829559,00-17-0d-00-00-60-3c-d9,00-17-0d-00-00-b0-00-cc,3,
1474830909,00-17-0d-00-00-60-3c-d9,00-17-0d-00-00-b0-00-cc,3,
1474832259,00-17-0d-00-00-60-3c-d9,00-17-0d-00-00-b0-00-cc,3,
1474833609,00-17-0d-00-00-60-3c-d9,00-17-0d-00-00-b0-00-cc,3,
1474834959,00-17-0d-00-00-60-3c-d9,00-17-0d-00-00-b0-00-cc,3,
1474836310,00-17-0d-00-00-60-3c-d9,00-17-0d-00-00-b0-00-cc,3,
1474839009,00-17-0d-00-00-60-3c-d9,00-17-0d-00-00-b0-00-cc,3,
1474840360,00-17-0d-00-00-60-3c-d9,00-17-0d-00-00-b0-00-cc,3,
1474841709,00-17-0d-00-00-60-3c-d9,00-17-0d-00-00-b0-00-cc,3,
1474843060,00-17-0d-00-00-60-3c-d9,00-17-0d-00-00-b0-00-cc,3,
1474844409,00-17-0d-00-00-60-3c-d9,00-17-0d-00-00-b0-00-cc,3,
1474845615,00-17-0d-00-00-60-01-f8,00-17-0d-00-00-60-05-69,2,
1474848459,00-17-0d-00-00-60-3c-d9,00-17-0d-00-00-b0-00-cc,3,
1474851159,00-17-0d-00-00-60-3c-d9,00-17-0d-00-00-b0-00-cc,3,
1474852510,00-17-0d-00-00-60-3c-d9,00-17-0d-00-00-b0-00-cc,3,
1474852815,00-17-0d-00-00-3f-f8-20,00-17-0d-00-00-60-06-27,2,
1474853860,00-17-0d-00-00-60-3c-d9,00-17-0d-00-00-b0-00-cc,3,
1474855209,00-17-0d-00-00-60-3c-d9,00-17-0d-00-00-b0-00-cc,3,
1474856560,00-17-0d-00-00-60-3c-d9,00-17-0d-00-00-b0-00-cc,3,
1474860610,00-17-0d-00-00-60-3c-d9,00-17-0d-00-00-b0-00-cc,3,
1474861960,00-17-0d-00-00-60-3c-d9,00-17-0d-00-00-b0-00-cc,3,
1474864660,00-17-0d-00-00-60-3c-d9,00-17-0d-00-00-b0-00-cc,3,
1474866010,00-17-0d-00-00-60-3c-d9,00-17-0d-00-00-b0-00-cc,3,
1474867215,00-17-0d-00-00-3f-f8-20,00-17-0d-00-00-60-06-27,2,
1474867360,00-17-0d-00-00-60-3c-d9,00-17-0d-00-00-b0-00-cc,3,
1474868710,00-17-0d-00-00-60-3c-d9,00-17-0d-00-00-b0-00-cc,3,
1474872760,00-17-0d-00-00-60-3c-d9,00-17-0d-00-00-b0-00-cc,3,
1474874111,00-17-0d-00-00-b0-00-cc,00-17-0d-00-00-60-3c-d9,2,
1474879511,00-17-0d-00-00-60-3c-d9,00-17-0d-00-00-b0-00-cc,3,
1474880861,00-17-0d-00-00-60-3c-d9,00-17-0d-00-00-b0-00-cc,3,
1474882211,00-17-0d-00-00-60-3c-d9,00-17-0d-00-00-b0-00-cc,3,
1474883561,00-17-0d-00-00-60-3c-d9,00-17-0d-00-00-b0-00-cc,3,
1474886260,00-17-0d-00-00-60-3c-d9,00-17-0d-00-00-b0-00-cc,3,
1474888961,00-17-0d-00-00-60-3c-d9,00-17-0d-00-00-b0-00-cc,3,
1474890311,00-17-0d-00-00-60-3c-d9,00-17-0d-00-00-b0-00-cc,3,
1474893010,00-17-0d-00-00-60-3c-d9,00-17-0d-00-00-b0-00-cc,3,
1474897061,00-17-0d-00-00-60-3c-d9,00-17-0d-00-00-b0-00-cc,3,
1474898411,00-17-0d-00-00-60-3c-d9,00-17-0d-00-00-b0-00-cc,3,
1474901111,00-17-0d-00-00-60-3c-d9,00-17-0d-00-00-b0-00-cc,3,
1474903811,00-17-0d-00-00-60-3c-d9,00-17-0d-00-00-b0-00-cc,3,
1474905161,00-17-0d-00-00-60-3c-d9,00-17-0d-00-00-b0-00-cc,3,
1474910415,00-17-0d-00-00-60-01-f8,00-17-0d-00-00-60-05-ab,2,
1474911912,00-17-0d-00-00-60-3c-d9,00-17-0d-00-00-b0-00-cc,3,
1474913261,00-17-0d-00-00-60-3c-d9,00-17-0d-00-00-b0-00-cc,3,
1474915962,00-17-0d-00-00-60-3c-d9,00-17-0d-00-00-b0-00-cc,3,
1474918662,00-17-0d-00-00-60-3c-d9,00-17-0d-00-00-b0-00-cc,3,
1474920012,00-17-0d-00-00-60-3c-d9,00-17-0d-00-00-b0-00-cc,3,
1474921277,00-17-0d-00-00-b0-00-aa,00-17-0d-00-00-60-01-f8,3,
1474925412,00-17-0d-00-00-60-3c-d9,00-17-0d-00-00-b0-00-cc,3,
1474926762,00-17-0d-00-00-60-3c-d9,00-17-0d-00-00-b0-00-cc,3,
1474929462,00-17-0d-00-00-60-3c-d9,00-17-0d-00-00-b0-00-cc,3,
1474933512,00-17-0d-00-00-60-3c-d9,00-17-0d-00-00-b0-00-cc,3,
1474934862,00-17-0d-00-00-60-3c-d9,00-17-0d-00-00-b0-00-cc,3,
1474941612,00-17-0d-00-00-60-3c-d9,00-17-0d-00-00-b0-00-cc,3,
1474948363,00-17-0d-00-00-60-3c-d9,00-17-0d-00-00-b0-00-cc,3,
1474949713,00-17-0d-00-00-60-3c-d9,00-17-0d-00-00-b0-00-cc,3,
1474952413,00-17-0d-00-00-60-3c-d9,00-17-0d-00-00-b0-00-cc,3,
1474953615,00-17-0d-00-00-3f-f8-20,00-17-0d-00-00-60-06-27,2,
1474957812,00-17-0d-00-00-60-3c-d9,00-17-0d-00-00-b0-00-cc,3,
1474964563,00-17-0d-00-00-60-3c-d9,00-17-0d-00-00-b0-00-cc,3,
1475001014,00-17-0d-00-00-60-3c-d9,00-17-0d-00-00-b0-00-cc,3,
1475002364,00-17-0d-00-00-60-3c-d9,00-17-0d-00-00-b0-00-cc,3,
1475021265,00-17-0d-00-00-60-3c-d9,00-17-0d-00-00-b0-00-cc,3,
1475056366,00-17-0d-00-00-60-3c-d9,00-17-0d-00-00-b0-00-cc,3,
1475068515,00-17-0d-00-00-60-3c-d9,00-17-0d-00-00-b0-00-cc,3,
1475083366,00-17-0d-00-00-60-3c-d9,00-17-0d-00-00-b0-00-cc,3,
1475084716,00-17-0d-00-00-60-3c-d9,00-17-0d-00-00-b0-00-cc,3,
1475092817,00-17-0d-00-00-60-3c-d9,00-17-0d-00-00-b0-00-cc,3,
1475095517,00-17-0d-00-00-60-3c-d9,00-17-0d-00-00-b0-00-cc,3,
1475115767,00-17-0d-00-00-60-3c-d9,00-17-0d-00-00-b0-00-cc,3,
1475130618,00-17-0d-00-00-60-3c-d9,00-17-0d-00-00-b0-00-cc,3,
1475154918,00-17-0d-00-00-60-3c-d9,00-17-0d-00-00-b0-00-cc,3,
1475219721,00-17-0d-00-00-60-3c-d9,00-17-0d-00-00-b0-00-cc,3,
1475234570,00-17-0d-00-00-60-3c-d9,00-17-0d-00-00-b0-00-cc,3,
1475252117,00-17-0d-00-00-60-3c-d9,00-17-0d-00-00-b0-00-cc,3,
1475261570,00-17-0d-00-00-60-3c-d9,00-17-0d-00-00-b0-00-cc,3,
1475273718,00-17-0d-00-00-60-3c-d9,00-17-0d-00-00-b0-00-cc,3,
1475288572,00-17-0d-00-00-60-3c-d9,00-17-0d-00-00-b0-00-cc,3,
1475291271,00-17-0d-00-00-60-3c-d9,00-17-0d-00-00-b0-00-cc,3,
1475454627,00-17-0d-00-00-60-3c-d9,00-17-0d-00-00-b0-00-cc,3,
1475488379,00-17-0d-00-00-60-3c-d9,00-17-0d-00-00-b0-00-cc,3,
1475493779,00-17-0d-00-00-60-3c-d9,00-17-0d-00-00-b0-00-cc,3,
1475512679,00-17-0d-00-00-60-3c-d9,00-17-0d-00-00-b0-00-cc,3,
1475520780,00-17-0d-00-00-60-3c-d9,00-17-0d-00-00-b0-00-cc,3,
1475546431,00-17-0d-00-00-60-3c-d9,00-17-0d-00-00-b0-00-cc,3,
1475553181,00-17-0d-00-00-60-3c-d9,00-17-0d-00-00-b0-00-cc,3,
1475554531,00-17-0d-00-00-60-3c-d9,00-17-0d-00-00-b0-00-cc,3,
1475555881,00-17-0d-00-00-60-3c-d9,00-17-0d-00-00-b0-00-cc,3,
1475570731,00-17-0d-00-00-60-3c-d9,00-17-0d-00-00-b0-00-cc,3,
1475586955,00-17-0d-00-00-60-3c-d9,00-17-0d-00-00-b0-00-cc,3,
1475588794,00-17-0d-00-00-b0-00-cc,00-17-0d-00-00-60-3c-d9,2,
1475590128,00-17-0d-00-00-60-3c-d9,00-17-0d-00-00-b0-00-cc,3,
1475594644,00-17-0d-00-00-60-3c-d9,00-17-0d-00-00-b0-00-cc,3,
1475619875,00-17-0d-00-00-3f-fe-88,00-17-0d-00-00-b0-00-87,2,
1475621626,00-17-0d-00-00-60-3c-d9,00-17-0d-00-00-b0-00-cc,3,
1475621670,00-17-0d-00-00-b0-00-87,00-17-0d-00-00-b0-00-aa,2,
1475645927,00-17-0d-00-00-60-3c-d9,00-17-0d-00-00-b0-00-cc,3,
